A0A,America/St_Johns
A0B,America/St_Johns
A0C,America/St_Johns
A0E,America/St_Johns
A0G,America/St_Johns
A0H,America/St_Johns
A0J,America/St_Johns
A0K,America/St_Johns
A0L,America/St_Johns
A0M,America/St_Johns
A0N,America/St_Johns
A0P,America/St_Johns
A0R,America/St_Johns
A0S,America/St_Johns
A0T,America/St_Johns
A0V,America/St_Johns
A0W,America/St_Johns
A0X,America/St_Johns
A0Y,America/St_Johns
A0Z,America/St_Johns
A1A,America/St_Johns
A1B,America/St_Johns
A1C,America/St_Johns
A1E,America/St_Johns
A1G,America/St_Johns
A1H,America/St_Johns
A1J,America/St_Johns
A1K,America/St_Johns
A1L,America/St_Johns
A1M,America/St_Johns
A1N,America/St_Johns
A1P,America/St_Johns
A1R,America/St_Johns
A1S,America/St_Johns
A1T,America/St_Johns
A1V,America/St_Johns
A1W,America/St_Johns
A1X,America/St_Johns
A1Y,America/St_Johns
A1Z,America/St_Johns
A2A,America/St_Johns
A2B,America/St_Johns
A2C,America/St_Johns
A2E,America/St_Johns
A2G,America/St_Johns
A2H,America/St_Johns
A2J,America/St_Johns
A2K,America/St_Johns
A2L,America/St_Johns
A2M,America/St_Johns
A2N,America/St_Johns
A2P,America/St_Johns
A2R,America/St_Johns
A2S,America/St_Johns
A2T,America/St_Johns
A2V,America/St_Johns
A2W,America/St_Johns
A2X,America/St_Johns
A2Y,America/St_Johns
A2Z,America/St_Johns
A3A,America/St_Johns
A3B,America/St_Johns
A3C,America/St_Johns
A3E,America/St_Johns
A3G,America/St_Johns
A3H,America/St_Johns
A3J,America/St_Johns
A3K,America/St_Johns
A3L,America/St_Johns
A3M,America/St_Johns
A3N,America/St_Johns
A3P,America/St_Johns
A3R,America/St_Johns
A3S,America/St_Johns
A3T,America/St_Johns
A3V,America/St_Johns
A3W,America/St_Johns
A3X,America/St_Johns
A3Y,America/St_Johns
A3Z,America/St_Johns
A4A,America/St_Johns
A4B,America/St_Johns
A4C,America/St_Johns
A4E,America/St_Johns
A4G,America/St_Johns
A4H,America/St_Johns
A4J,America/St_Johns
A4K,America/St_Johns
A4L,America/St_Johns
A4M,America/St_Johns
A4N,America/St_Johns
A4P,America/St_Johns
A4R,America/St_Johns
A4S,America/St_Johns
A4T,America/St_Johns
A4V,America/St_Johns
A4W,America/St_Johns
A4X,America/St_Johns
A4Y,America/St_Johns
A4Z,America/St_Johns
A5A,America/St_Johns
A5B,America/St_Johns
A5C,America/St_Johns
A5E,America/St_Johns
A5G,America/St_Johns
A5H,America/St_Johns
A5J,America/St_Johns
A5K,America/St_Johns
A5L,America/St_Johns
A5M,America/St_Johns
A5N,America/St_Johns
A5P,America/St_Johns
A5R,America/St_Johns
A5S,America/St_Johns
A5T,America/St_Johns
A5V,America/St_Johns
A5W,America/St_Johns
A5X,America/St_Johns
A5Y,America/St_Johns
A5Z,America/St_Johns
A6A,America/St_Johns
A6B,America/St_Johns
A6C,America/St_Johns
A6E,America/St_Johns
A6G,America/St_Johns
A6H,America/St_Johns
A6J,America/St_Johns
A6K,America/St_Johns
A6L,America/St_Johns
A6M,America/St_Johns
A6N,America/St_Johns
A6P,America/St_Johns
A6R,America/St_Johns
A6S,America/St_Johns
A6T,America/St_Johns
A6V,America/St_Johns
A6W,America/St_Johns
A6X,America/St_Johns
A6Y,America/St_Johns
A6Z,America/St_Johns
A7A,America/St_Johns
A7B,America/St_Johns
A7C,America/St_Johns
A7E,America/St_Johns
A7G,America/St_Johns
A7H,America/St_Johns
A7J,America/St_Johns
A7K,America/St_Johns
A7L,America/St_Johns
A7M,America/St_Johns
A7N,America/St_Johns
A7P,America/St_Johns
A7R,America/St_Johns
A7S,America/St_Johns
A7T,America/St_Johns
A7V,America/St_Johns
A7W,America/St_Johns
A7X,America/St_Johns
A7Y,America/St_Johns
A7Z,America/St_Johns
A8A,America/St_Johns
A8B,America/St_Johns
A8C,America/St_Johns
A8E,America/St_Johns
A8G,America/St_Johns
A8H,America/St_Johns
A8J,America/St_Johns
A8K,America/St_Johns
A8L,America/St_Johns
A8M,America/St_Johns
A8N,America/St_Johns
A8P,America/St_Johns
A8R,America/St_Johns
A8S,America/St_Johns
A8T,America/St_Johns
A8V,America/St_Johns
A8W,America/St_Johns
A8X,America/St_Johns
A8Y,America/St_Johns
A8Z,America/St_Johns
A9A,America/St_Johns
A9B,America/St_Johns
A9C,America/St_Johns
A9E,America/St_Johns
A9G,America/St_Johns
A9H,America/St_Johns
A9J,America/St_Johns
A9K,America/St_Johns
A9L,America/St_Johns
A9M,America/St_Johns
A9N,America/St_Johns
A9P,America/St_Johns
A9R,America/St_Johns
A9S,America/St_Johns
A9T,America/St_Johns
A9V,America/St_Johns
A9W,America/St_Johns
A9X,America/St_Johns
A9Y,America/St_Johns
A9Z,America/St_Johns
B0A,America/Halifax
B0B,America/Halifax
B0C,America/Halifax
B0E,America/Halifax
B0G,America/Halifax
B0H,America/Halifax
B0J,America/Halifax
B0K,America/Halifax
B0L,America/Halifax
B0M,America/Halifax
B0N,America/Halifax
B0P,America/Halifax
B0R,America/Halifax
B0S,America/Halifax
B0T,America/Halifax
B0V,America/Halifax
B0W,America/Halifax
B0X,America/Halifax
B0Y,America/Halifax
B0Z,America/Halifax
B1A,America/Halifax
B1B,America/Halifax
B1C,America/Halifax
B1E,America/Halifax
B1G,America/Halifax
B1H,America/Halifax
B1J,America/Halifax
B1K,America/Halifax
B1L,America/Halifax
B1M,America/Halifax
B1N,America/Halifax
B1P,America/Halifax
B1R,America/Halifax
B1S,America/Halifax
B1T,America/Halifax
B1V,America/Halifax
B1W,America/Halifax
B1X,America/Halifax
B1Y,America/Halifax
B1Z,America/Halifax
B2A,America/Halifax
B2B,America/Halifax
B2C,America/Halifax
B2E,America/Halifax
B2G,America/Halifax
B2H,America/Halifax
B2J,America/Halifax
B2K,America/Halifax
B2L,America/Halifax
B2M,America/Halifax
B2N,America/Halifax
B2P,America/Halifax
B2R,America/Halifax
B2S,America/Halifax
B2T,America/Halifax
B2V,America/Halifax
B2W,America/Halifax
B2X,America/Halifax
B2Y,America/Halifax
B2Z,America/Halifax
B3A,America/Halifax
B3B,America/Halifax
B3C,America/Halifax
B3E,America/Halifax
B3G,America/Halifax
B3H,America/Halifax
B3J,America/Halifax
B3K,America/Halifax
B3L,America/Halifax
B3M,America/Halifax
B3N,America/Halifax
B3P,America/Halifax
B3R,America/Halifax
B3S,America/Halifax
B3T,America/Halifax
B3V,America/Halifax
B3W,America/Halifax
B3X,America/Halifax
B3Y,America/Halifax
B3Z,America/Halifax
B4A,America/Halifax
B4B,America/Halifax
B4C,America/Halifax
B4E,America/Halifax
B4G,America/Halifax
B4H,America/Halifax
B4J,America/Halifax
B4K,America/Halifax
B4L,America/Halifax
B4M,America/Halifax
B4N,America/Halifax
B4P,America/Halifax
B4R,America/Halifax
B4S,America/Halifax
B4T,America/Halifax
B4V,America/Halifax
B4W,America/Halifax
B4X,America/Halifax
B4Y,America/Halifax
B4Z,America/Halifax
B5A,America/Halifax
B5B,America/Halifax
B5C,America/Halifax
B5E,America/Halifax
B5G,America/Halifax
B5H,America/Halifax
B5J,America/Halifax
B5K,America/Halifax
B5L,America/Halifax
B5M,America/Halifax
B5N,America/Halifax
B5P,America/Halifax
B5R,America/Halifax
B5S,America/Halifax
B5T,America/Halifax
B5V,America/Halifax
B5W,America/Halifax
B5X,America/Halifax
B5Y,America/Halifax
B5Z,America/Halifax
B6A,America/Halifax
B6B,America/Halifax
B6C,America/Halifax
B6E,America/Halifax
B6G,America/Halifax
B6H,America/Halifax
B6J,America/Halifax
B6K,America/Halifax
B6L,America/Halifax
B6M,America/Halifax
B6N,America/Halifax
B6P,America/Halifax
B6R,America/Halifax
B6S,America/Halifax
B6T,America/Halifax
B6V,America/Halifax
B6W,America/Halifax
B6X,America/Halifax
B6Y,America/Halifax
B6Z,America/Halifax
B7A,America/Halifax
B7B,America/Halifax
B7C,America/Halifax
B7E,America/Halifax
B7G,America/Halifax
B7H,America/Halifax
B7J,America/Halifax
B7K,America/Halifax
B7L,America/Halifax
B7M,America/Halifax
B7N,America/Halifax
B7P,America/Halifax
B7R,America/Halifax
B7S,America/Halifax
B7T,America/Halifax
B7V,America/Halifax
B7W,America/Halifax
B7X,America/Halifax
B7Y,America/Halifax
B7Z,America/Halifax
B8A,America/Halifax
B8B,America/Halifax
B8C,America/Halifax
B8E,America/Halifax
B8G,America/Halifax
B8H,America/Halifax
B8J,America/Halifax
B8K,America/Halifax
B8L,America/Halifax
B8M,America/Halifax
B8N,America/Halifax
B8P,America/Halifax
B8R,America/Halifax
B8S,America/Halifax
B8T,America/Halifax
B8V,America/Halifax
B8W,America/Halifax
B8X,America/Halifax
B8Y,America/Halifax
B8Z,America/Halifax
B9A,America/Halifax
B9B,America/Halifax
B9C,America/Halifax
B9E,America/Halifax
B9G,America/Halifax
B9H,America/Halifax
B9J,America/Halifax
B9K,America/Halifax
B9L,America/Halifax
B9M,America/Halifax
B9N,America/Halifax
B9P,America/Halifax
B9R,America/Halifax
B9S,America/Halifax
B9T,America/Halifax
B9V,America/Halifax
B9W,America/Halifax
B9X,America/Halifax
B9Y,America/Halifax
B9Z,America/Halifax
C0A,America/Halifax
C0B,America/Halifax
C0C,America/Halifax
C0E,America/Halifax
C0G,America/Halifax
C0H,America/Halifax
C0J,America/Halifax
C0K,America/Halifax
C0L,America/Halifax
C0M,America/Halifax
C0N,America/Halifax
C0P,America/Halifax
C0R,America/Halifax
C0S,America/Halifax
C0T,America/Halifax
C0V,America/Halifax
C0W,America/Halifax
C0X,America/Halifax
C0Y,America/Halifax
C0Z,America/Halifax
C1A,America/Halifax
C1B,America/Halifax
C1C,America/Halifax
C1E,America/Halifax
C1G,America/Halifax
C1H,America/Halifax
C1J,America/Halifax
C1K,America/Halifax
C1L,America/Halifax
C1M,America/Halifax
C1N,America/Halifax
C1P,America/Halifax
C1R,America/Halifax
C1S,America/Halifax
C1T,America/Halifax
C1V,America/Halifax
C1W,America/Halifax
C1X,America/Halifax
C1Y,America/Halifax
C1Z,America/Halifax
C2A,America/Halifax
C2B,America/Halifax
C2C,America/Halifax
C2E,America/Halifax
C2G,America/Halifax
C2H,America/Halifax
C2J,America/Halifax
C2K,America/Halifax
C2L,America/Halifax
C2M,America/Halifax
C2N,America/Halifax
C2P,America/Halifax
C2R,America/Halifax
C2S,America/Halifax
C2T,America/Halifax
C2V,America/Halifax
C2W,America/Halifax
C2X,America/Halifax
C2Y,America/Halifax
C2Z,America/Halifax
C3A,America/Halifax
C3B,America/Halifax
C3C,America/Halifax
C3E,America/Halifax
C3G,America/Halifax
C3H,America/Halifax
C3J,America/Halifax
C3K,America/Halifax
C3L,America/Halifax
C3M,America/Halifax
C3N,America/Halifax
C3P,America/Halifax
C3R,America/Halifax
C3S,America/Halifax
C3T,America/Halifax
C3V,America/Halifax
C3W,America/Halifax
C3X,America/Halifax
C3Y,America/Halifax
C3Z,America/Halifax
C4A,America/Halifax
C4B,America/Halifax
C4C,America/Halifax
C4E,America/Halifax
C4G,America/Halifax
C4H,America/Halifax
C4J,America/Halifax
C4K,America/Halifax
C4L,America/Halifax
C4M,America/Halifax
C4N,America/Halifax
C4P,America/Halifax
C4R,America/Halifax
C4S,America/Halifax
C4T,America/Halifax
C4V,America/Halifax
C4W,America/Halifax
C4X,America/Halifax
C4Y,America/Halifax
C4Z,America/Halifax
C5A,America/Halifax
C5B,America/Halifax
C5C,America/Halifax
C5E,America/Halifax
C5G,America/Halifax
C5H,America/Halifax
C5J,America/Halifax
C5K,America/Halifax
C5L,America/Halifax
C5M,America/Halifax
C5N,America/Halifax
C5P,America/Halifax
C5R,America/Halifax
C5S,America/Halifax
C5T,America/Halifax
C5V,America/Halifax
C5W,America/Halifax
C5X,America/Halifax
C5Y,America/Halifax
C5Z,America/Halifax
C6A,America/Halifax
C6B,America/Halifax
C6C,America/Halifax
C6E,America/Halifax
C6G,America/Halifax
C6H,America/Halifax
C6J,America/Halifax
C6K,America/Halifax
C6L,America/Halifax
C6M,America/Halifax
C6N,America/Halifax
C6P,America/Halifax
C6R,America/Halifax
C6S,America/Halifax
C6T,America/Halifax
C6V,America/Halifax
C6W,America/Halifax
C6X,America/Halifax
C6Y,America/Halifax
C6Z,America/Halifax
C7A,America/Halifax
C7B,America/Halifax
C7C,America/Halifax
C7E,America/Halifax
C7G,America/Halifax
C7H,America/Halifax
C7J,America/Halifax
C7K,America/Halifax
C7L,America/Halifax
C7M,America/Halifax
C7N,America/Halifax
C7P,America/Halifax
C7R,America/Halifax
C7S,America/Halifax
C7T,America/Halifax
C7V,America/Halifax
C7W,America/Halifax
C7X,America/Halifax
C7Y,America/Halifax
C7Z,America/Halifax
C8A,America/Halifax
C8B,America/Halifax
C8C,America/Halifax
C8E,America/Halifax
C8G,America/Halifax
C8H,America/Halifax
C8J,America/Halifax
C8K,America/Halifax
C8L,America/Halifax
C8M,America/Halifax
C8N,America/Halifax
C8P,America/Halifax
C8R,America/Halifax
C8S,America/Halifax
C8T,America/Halifax
C8V,America/Halifax
C8W,America/Halifax
C8X,America/Halifax
C8Y,America/Halifax
C8Z,America/Halifax
C9A,America/Halifax
C9B,America/Halifax
C9C,America/Halifax
C9E,America/Halifax
C9G,America/Halifax
C9H,America/Halifax
C9J,America/Halifax
C9K,America/Halifax
C9L,America/Halifax
C9M,America/Halifax
C9N,America/Halifax
C9P,America/Halifax
C9R,America/Halifax
C9S,America/Halifax
C9T,America/Halifax
C9V,America/Halifax
C9W,America/Halifax
C9X,America/Halifax
C9Y,America/Halifax
C9Z,America/Halifax
E0A,America/Moncton
E0B,America/Moncton
E0C,America/Moncton
E0E,America/Moncton
E0G,America/Moncton
E0H,America/Moncton
E0J,America/Moncton
E0K,America/Moncton
E0L,America/Moncton
E0M,America/Moncton
E0N,America/Moncton
E0P,America/Moncton
E0R,America/Moncton
E0S,America/Moncton
E0T,America/Moncton
E0V,America/Moncton
E0W,America/Moncton
E0X,America/Moncton
E0Y,America/Moncton
E0Z,America/Moncton
E1A,America/Moncton
E1B,America/Moncton
E1C,America/Moncton
E1E,America/Moncton
E1G,America/Moncton
E1H,America/Moncton
E1J,America/Moncton
E1K,America/Moncton
E1L,America/Moncton
E1M,America/Moncton
E1N,America/Moncton
E1P,America/Moncton
E1R,America/Moncton
E1S,America/Moncton
E1T,America/Moncton
E1V,America/Moncton
E1W,America/Moncton
E1X,America/Moncton
E1Y,America/Moncton
E1Z,America/Moncton
E2A,America/Moncton
E2B,America/Moncton
E2C,America/Moncton
E2E,America/Moncton
E2G,America/Moncton
E2H,America/Moncton
E2J,America/Moncton
E2K,America/Moncton
E2L,America/Moncton
E2M,America/Moncton
E2N,America/Moncton
E2P,America/Moncton
E2R,America/Moncton
E2S,America/Moncton
E2T,America/Moncton
E2V,America/Moncton
E2W,America/Moncton
E2X,America/Moncton
E2Y,America/Moncton
E2Z,America/Moncton
E3A,America/Moncton
E3B,America/Moncton
E3C,America/Moncton
E3E,America/Moncton
E3G,America/Moncton
E3H,America/Moncton
E3J,America/Moncton
E3K,America/Moncton
E3L,America/Moncton
E3M,America/Moncton
E3N,America/Moncton
E3P,America/Moncton
E3R,America/Moncton
E3S,America/Moncton
E3T,America/Moncton
E3V,America/Moncton
E3W,America/Moncton
E3X,America/Moncton
E3Y,America/Moncton
E3Z,America/Moncton
E4A,America/Moncton
E4B,America/Moncton
E4C,America/Moncton
E4E,America/Moncton
E4G,America/Moncton
E4H,America/Moncton
E4J,America/Moncton
E4K,America/Moncton
E4L,America/Moncton
E4M,America/Moncton
E4N,America/Moncton
E4P,America/Moncton
E4R,America/Moncton
E4S,America/Moncton
E4T,America/Moncton
E4V,America/Moncton
E4W,America/Moncton
E4X,America/Moncton
E4Y,America/Moncton
E4Z,America/Moncton
E5A,America/Moncton
E5B,America/Moncton
E5C,America/Moncton
E5E,America/Moncton
E5G,America/Moncton
E5H,America/Moncton
E5J,America/Moncton
E5K,America/Moncton
E5L,America/Moncton
E5M,America/Moncton
E5N,America/Moncton
E5P,America/Moncton
E5R,America/Moncton
E5S,America/Moncton
E5T,America/Moncton
E5V,America/Moncton
E5W,America/Moncton
E5X,America/Moncton
E5Y,America/Moncton
E5Z,America/Moncton
E6A,America/Moncton
E6B,America/Moncton
E6C,America/Moncton
E6E,America/Moncton
E6G,America/Moncton
E6H,America/Moncton
E6J,America/Moncton
E6K,America/Moncton
E6L,America/Moncton
E6M,America/Moncton
E6N,America/Moncton
E6P,America/Moncton
E6R,America/Moncton
E6S,America/Moncton
E6T,America/Moncton
E6V,America/Moncton
E6W,America/Moncton
E6X,America/Moncton
E6Y,America/Moncton
E6Z,America/Moncton
E7A,America/Moncton
E7B,America/Moncton
E7C,America/Moncton
E7E,America/Moncton
E7G,America/Moncton
E7H,America/Moncton
E7J,America/Moncton
E7K,America/Moncton
E7L,America/Moncton
E7M,America/Moncton
E7N,America/Moncton
E7P,America/Moncton
E7R,America/Moncton
E7S,America/Moncton
E7T,America/Moncton
E7V,America/Moncton
E7W,America/Moncton
E7X,America/Moncton
E7Y,America/Moncton
E7Z,America/Moncton
E8A,America/Moncton
E8B,America/Moncton
E8C,America/Moncton
E8E,America/Moncton
E8G,America/Moncton
E8H,America/Moncton
E8J,America/Moncton
E8K,America/Moncton
E8L,America/Moncton
E8M,America/Moncton
E8N,America/Moncton
E8P,America/Moncton
E8R,America/Moncton
E8S,America/Moncton
E8T,America/Moncton
E8V,America/Moncton
E8W,America/Moncton
E8X,America/Moncton
E8Y,America/Moncton
E8Z,America/Moncton
E9A,America/Moncton
E9B,America/Moncton
E9C,America/Moncton
E9E,America/Moncton
E9G,America/Moncton
E9H,America/Moncton
E9J,America/Moncton
E9K,America/Moncton
E9L,America/Moncton
E9M,America/Moncton
E9N,America/Moncton
E9P,America/Moncton
E9R,America/Moncton
E9S,America/Moncton
E9T,America/Moncton
E9V,America/Moncton
E9W,America/Moncton
E9X,America/Moncton
E9Y,America/Moncton
E9Z,America/Moncton
G0A,America/Toronto
G0B,America/Toronto
G0C,America/Toronto
G0E,America/Toronto
G0G,America/Toronto
G0H,America/Toronto
G0J,America/Toronto
G0K,America/Toronto
G0L,America/Toronto
G0M,America/Toronto
G0N,America/Toronto
G0P,America/Toronto
G0R,America/Toronto
G0S,America/Toronto
G0T,America/Toronto
G0V,America/Toronto
G0W,America/Toronto
G0X,America/Toronto
G0Y,America/Toronto
G0Z,America/Toronto
G1A,America/Toronto
G1B,America/Toronto
G1C,America/Toronto
G1E,America/Toronto
G1G,America/Toronto
G1H,America/Toronto
G1J,America/Toronto
G1K,America/Toronto
G1L,America/Toronto
G1M,America/Toronto
G1N,America/Toronto
G1P,America/Toronto
G1R,America/Toronto
G1S,America/Toronto
G1T,America/Toronto
G1V,America/Toronto
G1W,America/Toronto
G1X,America/Toronto
G1Y,America/Toronto
G1Z,America/Toronto
G2A,America/Toronto
G2B,America/Toronto
G2C,America/Toronto
G2E,America/Toronto
G2G,America/Toronto
G2H,America/Toronto
G2J,America/Toronto
G2K,America/Toronto
G2L,America/Toronto
G2M,America/Toronto
G2N,America/Toronto
G2P,America/Toronto
G2R,America/Toronto
G2S,America/Toronto
G2T,America/Toronto
G2V,America/Toronto
G2W,America/Toronto
G2X,America/Toronto
G2Y,America/Toronto
G2Z,America/Toronto
G3A,America/Toronto
G3B,America/Toronto
G3C,America/Toronto
G3E,America/Toronto
G3G,America/Toronto
G3H,America/Toronto
G3J,America/Toronto
G3K,America/Toronto
G3L,America/Toronto
G3M,America/Toronto
G3N,America/Toronto
G3P,America/Toronto
G3R,America/Toronto
G3S,America/Toronto
G3T,America/Toronto
G3V,America/Toronto
G3W,America/Toronto
G3X,America/Toronto
G3Y,America/Toronto
G3Z,America/Toronto
G4A,America/Toronto
G4B,America/Toronto
G4C,America/Toronto
G4E,America/Toronto
G4G,America/Toronto
G4H,America/Toronto
G4J,America/Toronto
G4K,America/Toronto
G4L,America/Toronto
G4M,America/Toronto
G4N,America/Toronto
G4P,America/Toronto
G4R,America/Toronto
G4S,America/Toronto
G4T,America/Toronto
G4V,America/Toronto
G4W,America/Toronto
G4X,America/Toronto
G4Y,America/Toronto
G4Z,America/Toronto
G5A,America/Toronto
G5B,America/Toronto
G5C,America/Toronto
G5E,America/Toronto
G5G,America/Toronto
G5H,America/Toronto
G5J,America/Toronto
G5K,America/Toronto
G5L,America/Toronto
G5M,America/Toronto
G5N,America/Toronto
G5P,America/Toronto
G5R,America/Toronto
G5S,America/Toronto
G5T,America/Toronto
G5V,America/Toronto
G5W,America/Toronto
G5X,America/Toronto
G5Y,America/Toronto
G5Z,America/Toronto
G6A,America/Toronto
G6B,America/Toronto
G6C,America/Toronto
G6E,America/Toronto
G6G,America/Toronto
G6H,America/Toronto
G6J,America/Toronto
G6K,America/Toronto
G6L,America/Toronto
G6M,America/Toronto
G6N,America/Toronto
G6P,America/Toronto
G6R,America/Toronto
G6S,America/Toronto
G6T,America/Toronto
G6V,America/Toronto
G6W,America/Toronto
G6X,America/Toronto
G6Y,America/Toronto
G6Z,America/Toronto
G7A,America/Toronto
G7B,America/Toronto
G7C,America/Toronto
G7E,America/Toronto
G7G,America/Toronto
G7H,America/Toronto
G7J,America/Toronto
G7K,America/Toronto
G7L,America/Toronto
G7M,America/Toronto
G7N,America/Toronto
G7P,America/Toronto
G7R,America/Toronto
G7S,America/Toronto
G7T,America/Toronto
G7V,America/Toronto
G7W,America/Toronto
G7X,America/Toronto
G7Y,America/Toronto
G7Z,America/Toronto
G8A,America/Toronto
G8B,America/Toronto
G8C,America/Toronto
G8E,America/Toronto
G8G,America/Toronto
G8H,America/Toronto
G8J,America/Toronto
G8K,America/Toronto
G8L,America/Toronto
G8M,America/Toronto
G8N,America/Toronto
G8P,America/Toronto
G8R,America/Toronto
G8S,America/Toronto
G8T,America/Toronto
G8V,America/Toronto
G8W,America/Toronto
G8X,America/Toronto
G8Y,America/Toronto
G8Z,America/Toronto
G9A,America/Toronto
G9B,America/Toronto
G9C,America/Toronto
G9E,America/Toronto
G9G,America/Toronto
G9H,America/Toronto
G9J,America/Toronto
G9K,America/Toronto
G9L,America/Toronto
G9M,America/Toronto
G9N,America/Toronto
G9P,America/Toronto
G9R,America/Toronto
G9S,America/Toronto
G9T,America/Toronto
G9V,America/Toronto
G9W,America/Toronto
G9X,America/Toronto
G9Y,America/Toronto
G9Z,America/Toronto
H0A,America/Toronto
H0B,America/Toronto
H0C,America/Toronto
H0E,America/Toronto
H0G,America/Toronto
H0H,America/Toronto
H0J,America/Toronto
H0K,America/Toronto
H0L,America/Toronto
H0M,America/Toronto
H0N,America/Toronto
H0P,America/Toronto
H0R,America/Toronto
H0S,America/Toronto
H0T,America/Toronto
H0V,America/Toronto
H0W,America/Toronto
H0X,America/Toronto
H0Y,America/Toronto
H0Z,America/Toronto
H1A,America/Toronto
H1B,America/Toronto
H1C,America/Toronto
H1E,America/Toronto
H1G,America/Toronto
H1H,America/Toronto
H1J,America/Toronto
H1K,America/Toronto
H1L,America/Toronto
H1M,America/Toronto
H1N,America/Toronto
H1P,America/Toronto
H1R,America/Toronto
H1S,America/Toronto
H1T,America/Toronto
H1V,America/Toronto
H1W,America/Toronto
H1X,America/Toronto
H1Y,America/Toronto
H1Z,America/Toronto
H2A,America/Toronto
H2B,America/Toronto
H2C,America/Toronto
H2E,America/Toronto
H2G,America/Toronto
H2H,America/Toronto
H2J,America/Toronto
H2K,America/Toronto
H2L,America/Toronto
H2M,America/Toronto
H2N,America/Toronto
H2P,America/Toronto
H2R,America/Toronto
H2S,America/Toronto
H2T,America/Toronto
H2V,America/Toronto
H2W,America/Toronto
H2X,America/Toronto
H2Y,America/Toronto
H2Z,America/Toronto
H3A,America/Toronto
H3B,America/Toronto
H3C,America/Toronto
H3E,America/Toronto
H3G,America/Toronto
H3H,America/Toronto
H3J,America/Toronto
H3K,America/Toronto
H3L,America/Toronto
H3M,America/Toronto
H3N,America/Toronto
H3P,America/Toronto
H3R,America/Toronto
H3S,America/Toronto
H3T,America/Toronto
H3V,America/Toronto
H3W,America/Toronto
H3X,America/Toronto
H3Y,America/Toronto
H3Z,America/Toronto
H4A,America/Toronto
H4B,America/Toronto
H4C,America/Toronto
H4E,America/Toronto
H4G,America/Toronto
H4H,America/Toronto
H4J,America/Toronto
H4K,America/Toronto
H4L,America/Toronto
H4M,America/Toronto
H4N,America/Toronto
H4P,America/Toronto
H4R,America/Toronto
H4S,America/Toronto
H4T,America/Toronto
H4V,America/Toronto
H4W,America/Toronto
H4X,America/Toronto
H4Y,America/Toronto
H4Z,America/Toronto
H5A,America/Toronto
H5B,America/Toronto
H5C,America/Toronto
H5E,America/Toronto
H5G,America/Toronto
H5H,America/Toronto
H5J,America/Toronto
H5K,America/Toronto
H5L,America/Toronto
H5M,America/Toronto
H5N,America/Toronto
H5P,America/Toronto
H5R,America/Toronto
H5S,America/Toronto
H5T,America/Toronto
H5V,America/Toronto
H5W,America/Toronto
H5X,America/Toronto
H5Y,America/Toronto
H5Z,America/Toronto
H6A,America/Toronto
H6B,America/Toronto
H6C,America/Toronto
H6E,America/Toronto
H6G,America/Toronto
H6H,America/Toronto
H6J,America/Toronto
H6K,America/Toronto
H6L,America/Toronto
H6M,America/Toronto
H6N,America/Toronto
H6P,America/Toronto
H6R,America/Toronto
H6S,America/Toronto
H6T,America/Toronto
H6V,America/Toronto
H6W,America/Toronto
H6X,America/Toronto
H6Y,America/Toronto
H6Z,America/Toronto
H7A,America/Toronto
H7B,America/Toronto
H7C,America/Toronto
H7E,America/Toronto
H7G,America/Toronto
H7H,America/Toronto
H7J,America/Toronto
H7K,America/Toronto
H7L,America/Toronto
H7M,America/Toronto
H7N,America/Toronto
H7P,America/Toronto
H7R,America/Toronto
H7S,America/Toronto
H7T,America/Toronto
H7V,America/Toronto
H7W,America/Toronto
H7X,America/Toronto
H7Y,America/Toronto
H7Z,America/Toronto
H8A,America/Toronto
H8B,America/Toronto
H8C,America/Toronto
H8E,America/Toronto
H8G,America/Toronto
H8H,America/Toronto
H8J,America/Toronto
H8K,America/Toronto
H8L,America/Toronto
H8M,America/Toronto
H8N,America/Toronto
H8P,America/Toronto
H8R,America/Toronto
H8S,America/Toronto
H8T,America/Toronto
H8V,America/Toronto
H8W,America/Toronto
H8X,America/Toronto
H8Y,America/Toronto
H8Z,America/Toronto
H9A,America/Toronto
H9B,America/Toronto
H9C,America/Toronto
H9E,America/Toronto
H9G,America/Toronto
H9H,America/Toronto
H9J,America/Toronto
H9K,America/Toronto
H9L,America/Toronto
H9M,America/Toronto
H9N,America/Toronto
H9P,America/Toronto
H9R,America/Toronto
H9S,America/Toronto
H9T,America/Toronto
H9V,America/Toronto
H9W,America/Toronto
H9X,America/Toronto
H9Y,America/Toronto
H9Z,America/Toronto
J0A,America/Toronto
J0B,America/Toronto
J0C,America/Toronto
J0E,America/Toronto
J0G,America/Toronto
J0H,America/Toronto
J0J,America/Toronto
J0K,America/Toronto
J0L,America/Toronto
J0M,America/Toronto
J0N,America/Toronto
J0P,America/Toronto
J0R,America/Toronto
J0S,America/Toronto
J0T,America/Toronto
J0V,America/Toronto
J0W,America/Toronto
J0X,America/Toronto
J0Y,America/Toronto
J0Z,America/Toronto
J1A,America/Toronto
J1B,America/Toronto
J1C,America/Toronto
J1E,America/Toronto
J1G,America/Toronto
J1H,America/Toronto
J1J,America/Toronto
J1K,America/Toronto
J1L,America/Toronto
J1M,America/Toronto
J1N,America/Toronto
J1P,America/Toronto
J1R,America/Toronto
J1S,America/Toronto
J1T,America/Toronto
J1V,America/Toronto
J1W,America/Toronto
J1X,America/Toronto
J1Y,America/Toronto
J1Z,America/Toronto
J2A,America/Toronto
J2B,America/Toronto
J2C,America/Toronto
J2E,America/Toronto
J2G,America/Toronto
J2H,America/Toronto
J2J,America/Toronto
J2K,America/Toronto
J2L,America/Toronto
J2M,America/Toronto
J2N,America/Toronto
J2P,America/Toronto
J2R,America/Toronto
J2S,America/Toronto
J2T,America/Toronto
J2V,America/Toronto
J2W,America/Toronto
J2X,America/Toronto
J2Y,America/Toronto
J2Z,America/Toronto
J3A,America/Toronto
J3B,America/Toronto
J3C,America/Toronto
J3E,America/Toronto
J3G,America/Toronto
J3H,America/Toronto
J3J,America/Toronto
J3K,America/Toronto
J3L,America/Toronto
J3M,America/Toronto
J3N,America/Toronto
J3P,America/Toronto
J3R,America/Toronto
J3S,America/Toronto
J3T,America/Toronto
J3V,America/Toronto
J3W,America/Toronto
J3X,America/Toronto
J3Y,America/Toronto
J3Z,America/Toronto
J4A,America/Toronto
J4B,America/Toronto
J4C,America/Toronto
J4E,America/Toronto
J4G,America/Toronto
J4H,America/Toronto
J4J,America/Toronto
J4K,America/Toronto
J4L,America/Toronto
J4M,America/Toronto
J4N,America/Toronto
J4P,America/Toronto
J4R,America/Toronto
J4S,America/Toronto
J4T,America/Toronto
J4V,America/Toronto
J4W,America/Toronto
J4X,America/Toronto
J4Y,America/Toronto
J4Z,America/Toronto
J5A,America/Toronto
J5B,America/Toronto
J5C,America/Toronto
J5E,America/Toronto
J5G,America/Toronto
J5H,America/Toronto
J5J,America/Toronto
J5K,America/Toronto
J5L,America/Toronto
J5M,America/Toronto
J5N,America/Toronto
J5P,America/Toronto
J5R,America/Toronto
J5S,America/Toronto
J5T,America/Toronto
J5V,America/Toronto
J5W,America/Toronto
J5X,America/Toronto
J5Y,America/Toronto
J5Z,America/Toronto
J6A,America/Toronto
J6B,America/Toronto
J6C,America/Toronto
J6E,America/Toronto
J6G,America/Toronto
J6H,America/Toronto
J6J,America/Toronto
J6K,America/Toronto
J6L,America/Toronto
J6M,America/Toronto
J6N,America/Toronto
J6P,America/Toronto
J6R,America/Toronto
J6S,America/Toronto
J6T,America/Toronto
J6V,America/Toronto
J6W,America/Toronto
J6X,America/Toronto
J6Y,America/Toronto
J6Z,America/Toronto
J7A,America/Toronto
J7B,America/Toronto
J7C,America/Toronto
J7E,America/Toronto
J7G,America/Toronto
J7H,America/Toronto
J7J,America/Toronto
J7K,America/Toronto
J7L,America/Toronto
J7M,America/Toronto
J7N,America/Toronto
J7P,America/Toronto
J7R,America/Toronto
J7S,America/Toronto
J7T,America/Toronto
J7V,America/Toronto
J7W,America/Toronto
J7X,America/Toronto
J7Y,America/Toronto
J7Z,America/Toronto
J8A,America/Toronto
J8B,America/Toronto
J8C,America/Toronto
J8E,America/Toronto
J8G,America/Toronto
J8H,America/Toronto
J8J,America/Toronto
J8K,America/Toronto
J8L,America/Toronto
J8M,America/Toronto
J8N,America/Toronto
J8P,America/Toronto
J8R,America/Toronto
J8S,America/Toronto
J8T,America/Toronto
J8V,America/Toronto
J8W,America/Toronto
J8X,America/Toronto
J8Y,America/Toronto
J8Z,America/Toronto
J9A,America/Toronto
J9B,America/Toronto
J9C,America/Toronto
J9E,America/Toronto
J9G,America/Toronto
J9H,America/Toronto
J9J,America/Toronto
J9K,America/Toronto
J9L,America/Toronto
J9M,America/Toronto
J9N,America/Toronto
J9P,America/Toronto
J9R,America/Toronto
J9S,America/Toronto
J9T,America/Toronto
J9V,America/Toronto
J9W,America/Toronto
J9X,America/Toronto
J9Y,America/Toronto
J9Z,America/Toronto
K0A,America/Toronto
K0B,America/Toronto
K0C,America/Toronto
K0E,America/Toronto
K0G,America/Toronto
K0H,America/Toronto
K0J,America/Toronto
K0K,America/Toronto
K0L,America/Toronto
K0M,America/Toronto
K0N,America/Toronto
K0P,America/Toronto
K0R,America/Toronto
K0S,America/Toronto
K0T,America/Toronto
K0V,America/Toronto
K0W,America/Toronto
K0X,America/Toronto
K0Y,America/Toronto
K0Z,America/Toronto
K1A,America/Toronto
K1B,America/Toronto
K1C,America/Toronto
K1E,America/Toronto
K1G,America/Toronto
K1H,America/Toronto
K1J,America/Toronto
K1K,America/Toronto
K1L,America/Toronto
K1M,America/Toronto
K1N,America/Toronto
K1P,America/Toronto
K1R,America/Toronto
K1S,America/Toronto
K1T,America/Toronto
K1V,America/Toronto
K1W,America/Toronto
K1X,America/Toronto
K1Y,America/Toronto
K1Z,America/Toronto
K2A,America/Toronto
K2B,America/Toronto
K2C,America/Toronto
K2E,America/Toronto
K2G,America/Toronto
K2H,America/Toronto
K2J,America/Toronto
K2K,America/Toronto
K2L,America/Toronto
K2M,America/Toronto
K2N,America/Toronto
K2P,America/Toronto
K2R,America/Toronto
K2S,America/Toronto
K2T,America/Toronto
K2V,America/Toronto
K2W,America/Toronto
K2X,America/Toronto
K2Y,America/Toronto
K2Z,America/Toronto
K3A,America/Toronto
K3B,America/Toronto
K3C,America/Toronto
K3E,America/Toronto
K3G,America/Toronto
K3H,America/Toronto
K3J,America/Toronto
K3K,America/Toronto
K3L,America/Toronto
K3M,America/Toronto
K3N,America/Toronto
K3P,America/Toronto
K3R,America/Toronto
K3S,America/Toronto
K3T,America/Toronto
K3V,America/Toronto
K3W,America/Toronto
K3X,America/Toronto
K3Y,America/Toronto
K3Z,America/Toronto
K4A,America/Toronto
K4B,America/Toronto
K4C,America/Toronto
K4E,America/Toronto
K4G,America/Toronto
K4H,America/Toronto
K4J,America/Toronto
K4K,America/Toronto
K4L,America/Toronto
K4M,America/Toronto
K4N,America/Toronto
K4P,America/Toronto
K4R,America/Toronto
K4S,America/Toronto
K4T,America/Toronto
K4V,America/Toronto
K4W,America/Toronto
K4X,America/Toronto
K4Y,America/Toronto
K4Z,America/Toronto
K5A,America/Toronto
K5B,America/Toronto
K5C,America/Toronto
K5E,America/Toronto
K5G,America/Toronto
K5H,America/Toronto
K5J,America/Toronto
K5K,America/Toronto
K5L,America/Toronto
K5M,America/Toronto
K5N,America/Toronto
K5P,America/Toronto
K5R,America/Toronto
K5S,America/Toronto
K5T,America/Toronto
K5V,America/Toronto
K5W,America/Toronto
K5X,America/Toronto
K5Y,America/Toronto
K5Z,America/Toronto
K6A,America/Toronto
K6B,America/Toronto
K6C,America/Toronto
K6E,America/Toronto
K6G,America/Toronto
K6H,America/Toronto
K6J,America/Toronto
K6K,America/Toronto
K6L,America/Toronto
K6M,America/Toronto
K6N,America/Toronto
K6P,America/Toronto
K6R,America/Toronto
K6S,America/Toronto
K6T,America/Toronto
K6V,America/Toronto
K6W,America/Toronto
K6X,America/Toronto
K6Y,America/Toronto
K6Z,America/Toronto
K7A,America/Toronto
K7B,America/Toronto
K7C,America/Toronto
K7E,America/Toronto
K7G,America/Toronto
K7H,America/Toronto
K7J,America/Toronto
K7K,America/Toronto
K7L,America/Toronto
K7M,America/Toronto
K7N,America/Toronto
K7P,America/Toronto
K7R,America/Toronto
K7S,America/Toronto
K7T,America/Toronto
K7V,America/Toronto
K7W,America/Toronto
K7X,America/Toronto
K7Y,America/Toronto
K7Z,America/Toronto
K8A,America/Toronto
K8B,America/Toronto
K8C,America/Toronto
K8E,America/Toronto
K8G,America/Toronto
K8H,America/Toronto
K8J,America/Toronto
K8K,America/Toronto
K8L,America/Toronto
K8M,America/Toronto
K8N,America/Toronto
K8P,America/Toronto
K8R,America/Toronto
K8S,America/Toronto
K8T,America/Toronto
K8V,America/Toronto
K8W,America/Toronto
K8X,America/Toronto
K8Y,America/Toronto
K8Z,America/Toronto
K9A,America/Toronto
K9B,America/Toronto
K9C,America/Toronto
K9E,America/Toronto
K9G,America/Toronto
K9H,America/Toronto
K9J,America/Toronto
K9K,America/Toronto
K9L,America/Toronto
K9M,America/Toronto
K9N,America/Toronto
K9P,America/Toronto
K9R,America/Toronto
K9S,America/Toronto
K9T,America/Toronto
K9V,America/Toronto
K9W,America/Toronto
K9X,America/Toronto
K9Y,America/Toronto
K9Z,America/Toronto
L0A,America/Toronto
L0B,America/Toronto
L0C,America/Toronto
L0E,America/Toronto
L0G,America/Toronto
L0H,America/Toronto
L0J,America/Toronto
L0K,America/Toronto
L0L,America/Toronto
L0M,America/Toronto
L0N,America/Toronto
L0P,America/Toronto
L0R,America/Toronto
L0S,America/Toronto
L0T,America/Toronto
L0V,America/Toronto
L0W,America/Toronto
L0X,America/Toronto
L0Y,America/Toronto
L0Z,America/Toronto
L1A,America/Toronto
L1B,America/Toronto
L1C,America/Toronto
L1E,America/Toronto
L1G,America/Toronto
L1H,America/Toronto
L1J,America/Toronto
L1K,America/Toronto
L1L,America/Toronto
L1M,America/Toronto
L1N,America/Toronto
L1P,America/Toronto
L1R,America/Toronto
L1S,America/Toronto
L1T,America/Toronto
L1V,America/Toronto
L1W,America/Toronto
L1X,America/Toronto
L1Y,America/Toronto
L1Z,America/Toronto
L2A,America/Toronto
L2B,America/Toronto
L2C,America/Toronto
L2E,America/Toronto
L2G,America/Toronto
L2H,America/Toronto
L2J,America/Toronto
L2K,America/Toronto
L2L,America/Toronto
L2M,America/Toronto
L2N,America/Toronto
L2P,America/Toronto
L2R,America/Toronto
L2S,America/Toronto
L2T,America/Toronto
L2V,America/Toronto
L2W,America/Toronto
L2X,America/Toronto
L2Y,America/Toronto
L2Z,America/Toronto
L3A,America/Toronto
L3B,America/Toronto
L3C,America/Toronto
L3E,America/Toronto
L3G,America/Toronto
L3H,America/Toronto
L3J,America/Toronto
L3K,America/Toronto
L3L,America/Toronto
L3M,America/Toronto
L3N,America/Toronto
L3P,America/Toronto
L3R,America/Toronto
L3S,America/Toronto
L3T,America/Toronto
L3V,America/Toronto
L3W,America/Toronto
L3X,America/Toronto
L3Y,America/Toronto
L3Z,America/Toronto
L4A,America/Toronto
L4B,America/Toronto
L4C,America/Toronto
L4E,America/Toronto
L4G,America/Toronto
L4H,America/Toronto
L4J,America/Toronto
L4K,America/Toronto
L4L,America/Toronto
L4M,America/Toronto
L4N,America/Toronto
L4P,America/Toronto
L4R,America/Toronto
L4S,America/Toronto
L4T,America/Toronto
L4V,America/Toronto
L4W,America/Toronto
L4X,America/Toronto
L4Y,America/Toronto
L4Z,America/Toronto
L5A,America/Toronto
L5B,America/Toronto
L5C,America/Toronto
L5E,America/Toronto
L5G,America/Toronto
L5H,America/Toronto
L5J,America/Toronto
L5K,America/Toronto
L5L,America/Toronto
L5M,America/Toronto
L5N,America/Toronto
L5P,America/Toronto
L5R,America/Toronto
L5S,America/Toronto
L5T,America/Toronto
L5V,America/Toronto
L5W,America/Toronto
L5X,America/Toronto
L5Y,America/Toronto
L5Z,America/Toronto
L6A,America/Toronto
L6B,America/Toronto
L6C,America/Toronto
L6E,America/Toronto
L6G,America/Toronto
L6H,America/Toronto
L6J,America/Toronto
L6K,America/Toronto
L6L,America/Toronto
L6M,America/Toronto
L6N,America/Toronto
L6P,America/Toronto
L6R,America/Toronto
L6S,America/Toronto
L6T,America/Toronto
L6V,America/Toronto
L6W,America/Toronto
L6X,America/Toronto
L6Y,America/Toronto
L6Z,America/Toronto
L7A,America/Toronto
L7B,America/Toronto
L7C,America/Toronto
L7E,America/Toronto
L7G,America/Toronto
L7H,America/Toronto
L7J,America/Toronto
L7K,America/Toronto
L7L,America/Toronto
L7M,America/Toronto
L7N,America/Toronto
L7P,America/Toronto
L7R,America/Toronto
L7S,America/Toronto
L7T,America/Toronto
L7V,America/Toronto
L7W,America/Toronto
L7X,America/Toronto
L7Y,America/Toronto
L7Z,America/Toronto
L8A,America/Toronto
L8B,America/Toronto
L8C,America/Toronto
L8E,America/Toronto
L8G,America/Toronto
L8H,America/Toronto
L8J,America/Toronto
L8K,America/Toronto
L8L,America/Toronto
L8M,America/Toronto
L8N,America/Toronto
L8P,America/Toronto
L8R,America/Toronto
L8S,America/Toronto
L8T,America/Toronto
L8V,America/Toronto
L8W,America/Toronto
L8X,America/Toronto
L8Y,America/Toronto
L8Z,America/Toronto
L9A,America/Toronto
L9B,America/Toronto
L9C,America/Toronto
L9E,America/Toronto
L9G,America/Toronto
L9H,America/Toronto
L9J,America/Toronto
L9K,America/Toronto
L9L,America/Toronto
L9M,America/Toronto
L9N,America/Toronto
L9P,America/Toronto
L9R,America/Toronto
L9S,America/Toronto
L9T,America/Toronto
L9V,America/Toronto
L9W,America/Toronto
L9X,America/Toronto
L9Y,America/Toronto
L9Z,America/Toronto
M0A,America/Toronto
M0B,America/Toronto
M0C,America/Toronto
M0E,America/Toronto
M0G,America/Toronto
M0H,America/Toronto
M0J,America/Toronto
M0K,America/Toronto
M0L,America/Toronto
M0M,America/Toronto
M0N,America/Toronto
M0P,America/Toronto
M0R,America/Toronto
M0S,America/Toronto
M0T,America/Toronto
M0V,America/Toronto
M0W,America/Toronto
M0X,America/Toronto
M0Y,America/Toronto
M0Z,America/Toronto
M1A,America/Toronto
M1B,America/Toronto
M1C,America/Toronto
M1E,America/Toronto
M1G,America/Toronto
M1H,America/Toronto
M1J,America/Toronto
M1K,America/Toronto
M1L,America/Toronto
M1M,America/Toronto
M1N,America/Toronto
M1P,America/Toronto
M1R,America/Toronto
M1S,America/Toronto
M1T,America/Toronto
M1V,America/Toronto
M1W,America/Toronto
M1X,America/Toronto
M1Y,America/Toronto
M1Z,America/Toronto
M2A,America/Toronto
M2B,America/Toronto
M2C,America/Toronto
M2E,America/Toronto
M2G,America/Toronto
M2H,America/Toronto
M2J,America/Toronto
M2K,America/Toronto
M2L,America/Toronto
M2M,America/Toronto
M2N,America/Toronto
M2P,America/Toronto
M2R,America/Toronto
M2S,America/Toronto
M2T,America/Toronto
M2V,America/Toronto
M2W,America/Toronto
M2X,America/Toronto
M2Y,America/Toronto
M2Z,America/Toronto
M3A,America/Toronto
M3B,America/Toronto
M3C,America/Toronto
M3E,America/Toronto
M3G,America/Toronto
M3H,America/Toronto
M3J,America/Toronto
M3K,America/Toronto
M3L,America/Toronto
M3M,America/Toronto
M3N,America/Toronto
M3P,America/Toronto
M3R,America/Toronto
M3S,America/Toronto
M3T,America/Toronto
M3V,America/Toronto
M3W,America/Toronto
M3X,America/Toronto
M3Y,America/Toronto
M3Z,America/Toronto
M4A,America/Toronto
M4B,America/Toronto
M4C,America/Toronto
M4E,America/Toronto
M4G,America/Toronto
M4H,America/Toronto
M4J,America/Toronto
M4K,America/Toronto
M4L,America/Toronto
M4M,America/Toronto
M4N,America/Toronto
M4P,America/Toronto
M4R,America/Toronto
M4S,America/Toronto
M4T,America/Toronto
M4V,America/Toronto
M4W,America/Toronto
M4X,America/Toronto
M4Y,America/Toronto
M4Z,America/Toronto
M5A,America/Toronto
M5B,America/Toronto
M5C,America/Toronto
M5E,America/Toronto
M5G,America/Toronto
M5H,America/Toronto
M5J,America/Toronto
M5K,America/Toronto
M5L,America/Toronto
M5M,America/Toronto
M5N,America/Toronto
M5P,America/Toronto
M5R,America/Toronto
M5S,America/Toronto
M5T,America/Toronto
M5V,America/Toronto
M5W,America/Toronto
M5X,America/Toronto
M5Y,America/Toronto
M5Z,America/Toronto
M6A,America/Toronto
M6B,America/Toronto
M6C,America/Toronto
M6E,America/Toronto
M6G,America/Toronto
M6H,America/Toronto
M6J,America/Toronto
M6K,America/Toronto
M6L,America/Toronto
M6M,America/Toronto
M6N,America/Toronto
M6P,America/Toronto
M6R,America/Toronto
M6S,America/Toronto
M6T,America/Toronto
M6V,America/Toronto
M6W,America/Toronto
M6X,America/Toronto
M6Y,America/Toronto
M6Z,America/Toronto
M7A,America/Toronto
M7B,America/Toronto
M7C,America/Toronto
M7E,America/Toronto
M7G,America/Toronto
M7H,America/Toronto
M7J,America/Toronto
M7K,America/Toronto
M7L,America/Toronto
M7M,America/Toronto
M7N,America/Toronto
M7P,America/Toronto
M7R,America/Toronto
M7S,America/Toronto
M7T,America/Toronto
M7V,America/Toronto
M7W,America/Toronto
M7X,America/Toronto
M7Y,America/Toronto
M7Z,America/Toronto
M8A,America/Toronto
M8B,America/Toronto
M8C,America/Toronto
M8E,America/Toronto
M8G,America/Toronto
M8H,America/Toronto
M8J,America/Toronto
M8K,America/Toronto
M8L,America/Toronto
M8M,America/Toronto
M8N,America/Toronto
M8P,America/Toronto
M8R,America/Toronto
M8S,America/Toronto
M8T,America/Toronto
M8V,America/Toronto
M8W,America/Toronto
M8X,America/Toronto
M8Y,America/Toronto
M8Z,America/Toronto
M9A,America/Toronto
M9B,America/Toronto
M9C,America/Toronto
M9E,America/Toronto
M9G,America/Toronto
M9H,America/Toronto
M9J,America/Toronto
M9K,America/Toronto
M9L,America/Toronto
M9M,America/Toronto
M9N,America/Toronto
M9P,America/Toronto
M9R,America/Toronto
M9S,America/Toronto
M9T,America/Toronto
M9V,America/Toronto
M9W,America/Toronto
M9X,America/Toronto
M9Y,America/Toronto
M9Z,America/Toronto
N0A,America/Toronto
N0B,America/Toronto
N0C,America/Toronto
N0E,America/Toronto
N0G,America/Toronto
N0H,America/Toronto
N0J,America/Toronto
N0K,America/Toronto
N0L,America/Toronto
N0M,America/Toronto
N0N,America/Toronto
N0P,America/Toronto
N0R,America/Toronto
N0S,America/Toronto
N0T,America/Toronto
N0V,America/Toronto
N0W,America/Toronto
N0X,America/Toronto
N0Y,America/Toronto
N0Z,America/Toronto
N1A,America/Toronto
N1B,America/Toronto
N1C,America/Toronto
N1E,America/Toronto
N1G,America/Toronto
N1H,America/Toronto
N1J,America/Toronto
N1K,America/Toronto
N1L,America/Toronto
N1M,America/Toronto
N1N,America/Toronto
N1P,America/Toronto
N1R,America/Toronto
N1S,America/Toronto
N1T,America/Toronto
N1V,America/Toronto
N1W,America/Toronto
N1X,America/Toronto
N1Y,America/Toronto
N1Z,America/Toronto
N2A,America/Toronto
N2B,America/Toronto
N2C,America/Toronto
N2E,America/Toronto
N2G,America/Toronto
N2H,America/Toronto
N2J,America/Toronto
N2K,America/Toronto
N2L,America/Toronto
N2M,America/Toronto
N2N,America/Toronto
N2P,America/Toronto
N2R,America/Toronto
N2S,America/Toronto
N2T,America/Toronto
N2V,America/Toronto
N2W,America/Toronto
N2X,America/Toronto
N2Y,America/Toronto
N2Z,America/Toronto
N3A,America/Toronto
N3B,America/Toronto
N3C,America/Toronto
N3E,America/Toronto
N3G,America/Toronto
N3H,America/Toronto
N3J,America/Toronto
N3K,America/Toronto
N3L,America/Toronto
N3M,America/Toronto
N3N,America/Toronto
N3P,America/Toronto
N3R,America/Toronto
N3S,America/Toronto
N3T,America/Toronto
N3V,America/Toronto
N3W,America/Toronto
N3X,America/Toronto
N3Y,America/Toronto
N3Z,America/Toronto
N4A,America/Toronto
N4B,America/Toronto
N4C,America/Toronto
N4E,America/Toronto
N4G,America/Toronto
N4H,America/Toronto
N4J,America/Toronto
N4K,America/Toronto
N4L,America/Toronto
N4M,America/Toronto
N4N,America/Toronto
N4P,America/Toronto
N4R,America/Toronto
N4S,America/Toronto
N4T,America/Toronto
N4V,America/Toronto
N4W,America/Toronto
N4X,America/Toronto
N4Y,America/Toronto
N4Z,America/Toronto
N5A,America/Toronto
N5B,America/Toronto
N5C,America/Toronto
N5E,America/Toronto
N5G,America/Toronto
N5H,America/Toronto
N5J,America/Toronto
N5K,America/Toronto
N5L,America/Toronto
N5M,America/Toronto
N5N,America/Toronto
N5P,America/Toronto
N5R,America/Toronto
N5S,America/Toronto
N5T,America/Toronto
N5V,America/Toronto
N5W,America/Toronto
N5X,America/Toronto
N5Y,America/Toronto
N5Z,America/Toronto
N6A,America/Toronto
N6B,America/Toronto
N6C,America/Toronto
N6E,America/Toronto
N6G,America/Toronto
N6H,America/Toronto
N6J,America/Toronto
N6K,America/Toronto
N6L,America/Toronto
N6M,America/Toronto
N6N,America/Toronto
N6P,America/Toronto
N6R,America/Toronto
N6S,America/Toronto
N6T,America/Toronto
N6V,America/Toronto
N6W,America/Toronto
N6X,America/Toronto
N6Y,America/Toronto
N6Z,America/Toronto
N7A,America/Toronto
N7B,America/Toronto
N7C,America/Toronto
N7E,America/Toronto
N7G,America/Toronto
N7H,America/Toronto
N7J,America/Toronto
N7K,America/Toronto
N7L,America/Toronto
N7M,America/Toronto
N7N,America/Toronto
N7P,America/Toronto
N7R,America/Toronto
N7S,America/Toronto
N7T,America/Toronto
N7V,America/Toronto
N7W,America/Toronto
N7X,America/Toronto
N7Y,America/Toronto
N7Z,America/Toronto
N8A,America/Toronto
N8B,America/Toronto
N8C,America/Toronto
N8E,America/Toronto
N8G,America/Toronto
N8H,America/Toronto
N8J,America/Toronto
N8K,America/Toronto
N8L,America/Toronto
N8M,America/Toronto
N8N,America/Toronto
N8P,America/Toronto
N8R,America/Toronto
N8S,America/Toronto
N8T,America/Toronto
N8V,America/Toronto
N8W,America/Toronto
N8X,America/Toronto
N8Y,America/Toronto
N8Z,America/Toronto
N9A,America/Toronto
N9B,America/Toronto
N9C,America/Toronto
N9E,America/Toronto
N9G,America/Toronto
N9H,America/Toronto
N9J,America/Toronto
N9K,America/Toronto
N9L,America/Toronto
N9M,America/Toronto
N9N,America/Toronto
N9P,America/Toronto
N9R,America/Toronto
N9S,America/Toronto
N9T,America/Toronto
N9V,America/Toronto
N9W,America/Toronto
N9X,America/Toronto
N9Y,America/Toronto
N9Z,America/Toronto
P0A,America/Toronto
P0B,America/Toronto
P0C,America/Toronto
P0E,America/Toronto
P0G,America/Toronto
P0H,America/Toronto
P0J,America/Toronto
P0K,America/Toronto
P0L,America/Toronto
P0M,America/Toronto
P0N,America/Toronto
P0P,America/Toronto
P0R,America/Toronto
P0S,America/Toronto
P0T,America/Toronto
P0V,America/Winnipeg
P0W,America/Winnipeg
P0X,America/Rainy_River
P0Y,America/Toronto
P0Z,America/Toronto
P1A,America/Toronto
P1B,America/Toronto
P1C,America/Toronto
P1E,America/Toronto
P1G,America/Toronto
P1H,America/Toronto
P1J,America/Toronto
P1K,America/Toronto
P1L,America/Toronto
P1M,America/Toronto
P1N,America/Toronto
P1P,America/Toronto
P1R,America/Toronto
P1S,America/Toronto
P1T,America/Toronto
P1V,America/Toronto
P1W,America/Toronto
P1X,America/Toronto
P1Y,America/Toronto
P1Z,America/Toronto
P2A,America/Toronto
P2B,America/Toronto
P2C,America/Toronto
P2E,America/Toronto
P2G,America/Toronto
P2H,America/Toronto
P2J,America/Toronto
P2K,America/Toronto
P2L,America/Toronto
P2M,America/Toronto
P2N,America/Toronto
P2P,America/Toronto
P2R,America/Toronto
P2S,America/Toronto
P2T,America/Toronto
P2V,America/Toronto
P2W,America/Toronto
P2X,America/Toronto
P2Y,America/Toronto
P2Z,America/Toronto
P3A,America/Toronto
P3B,America/Toronto
P3C,America/Toronto
P3E,America/Toronto
P3G,America/Toronto
P3H,America/Toronto
P3J,America/Toronto
P3K,America/Toronto
P3L,America/Toronto
P3M,America/Toronto
P3N,America/Toronto
P3P,America/Toronto
P3R,America/Toronto
P3S,America/Toronto
P3T,America/Toronto
P3V,America/Toronto
P3W,America/Toronto
P3X,America/Toronto
P3Y,America/Toronto
P3Z,America/Toronto
P4A,America/Toronto
P4B,America/Toronto
P4C,America/Toronto
P4E,America/Toronto
P4G,America/Toronto
P4H,America/Toronto
P4J,America/Toronto
P4K,America/Toronto
P4L,America/Toronto
P4M,America/Toronto
P4N,America/Toronto
P4P,America/Toronto
P4R,America/Toronto
P4S,America/Toronto
P4T,America/Toronto
P4V,America/Toronto
P4W,America/Toronto
P4X,America/Toronto
P4Y,America/Toronto
P4Z,America/Toronto
P5A,America/Toronto
P5B,America/Toronto
P5C,America/Toronto
P5E,America/Toronto
P5G,America/Toronto
P5H,America/Toronto
P5J,America/Toronto
P5K,America/Toronto
P5L,America/Toronto
P5M,America/Toronto
P5N,America/Toronto
P5P,America/Toronto
P5R,America/Toronto
P5S,America/Toronto
P5T,America/Toronto
P5V,America/Toronto
P5W,America/Toronto
P5X,America/Toronto
P5Y,America/Toronto
P5Z,America/Toronto
P6A,America/Toronto
P6B,America/Toronto
P6C,America/Toronto
P6E,America/Toronto
P6G,America/Toronto
P6H,America/Toronto
P6J,America/Toronto
P6K,America/Toronto
P6L,America/Toronto
P6M,America/Toronto
P6N,America/Toronto
P6P,America/Toronto
P6R,America/Toronto
P6S,America/Toronto
P6T,America/Toronto
P6V,America/Toronto
P6W,America/Toronto
P6X,America/Toronto
P6Y,America/Toronto
P6Z,America/Toronto
P7A,America/Toronto
P7B,America/Toronto
P7C,America/Toronto
P7E,America/Toronto
P7G,America/Toronto
P7H,America/Toronto
P7J,America/Toronto
P7K,America/Toronto
P7L,America/Toronto
P7M,America/Toronto
P7N,America/Toronto
P7P,America/Toronto
P7R,America/Toronto
P7S,America/Toronto
P7T,America/Toronto
P7V,America/Toronto
P7W,America/Toronto
P7X,America/Toronto
P7Y,America/Toronto
P7Z,America/Toronto
P8A,America/Toronto
P8B,America/Toronto
P8C,America/Toronto
P8E,America/Toronto
P8G,America/Toronto
P8H,America/Toronto
P8J,America/Toronto
P8K,America/Toronto
P8L,America/Toronto
P8M,America/Toronto
P8N,America/Toronto
P8P,America/Toronto
P8R,America/Toronto
P8S,America/Toronto
P8T,America/Toronto
P8V,America/Toronto
P8W,America/Toronto
P8X,America/Toronto
P8Y,America/Toronto
P8Z,America/Toronto
P9A,America/Toronto
P9B,America/Toronto
P9C,America/Toronto
P9E,America/Toronto
P9G,America/Toronto
P9H,America/Toronto
P9J,America/Toronto
P9K,America/Toronto
P9L,America/Toronto
P9M,America/Toronto
P9N,America/Rainy_River
P9P,America/Toronto
P9R,America/Toronto
P9S,America/Toronto
P9T,America/Toronto
P9V,America/Toronto
P9W,America/Toronto
P9X,America/Toronto
P9Y,America/Toronto
P9Z,America/Toronto
R0A,America/Winnipeg
R0B,America/Winnipeg
R0C,America/Winnipeg
R0E,America/Winnipeg
R0G,America/Winnipeg
R0H,America/Winnipeg
R0J,America/Winnipeg
R0K,America/Winnipeg
R0L,America/Winnipeg
R0M,America/Winnipeg
R0N,America/Winnipeg
R0P,America/Winnipeg
R0R,America/Winnipeg
R0S,America/Winnipeg
R0T,America/Winnipeg
R0V,America/Winnipeg
R0W,America/Winnipeg
R0X,America/Winnipeg
R0Y,America/Winnipeg
R0Z,America/Winnipeg
R1A,America/Winnipeg
R1B,America/Winnipeg
R1C,America/Winnipeg
R1E,America/Winnipeg
R1G,America/Winnipeg
R1H,America/Winnipeg
R1J,America/Winnipeg
R1K,America/Winnipeg
R1L,America/Winnipeg
R1M,America/Winnipeg
R1N,America/Winnipeg
R1P,America/Winnipeg
R1R,America/Winnipeg
R1S,America/Winnipeg
R1T,America/Winnipeg
R1V,America/Winnipeg
R1W,America/Winnipeg
R1X,America/Winnipeg
R1Y,America/Winnipeg
R1Z,America/Winnipeg
R2A,America/Winnipeg
R2B,America/Winnipeg
R2C,America/Winnipeg
R2E,America/Winnipeg
R2G,America/Winnipeg
R2H,America/Winnipeg
R2J,America/Winnipeg
R2K,America/Winnipeg
R2L,America/Winnipeg
R2M,America/Winnipeg
R2N,America/Winnipeg
R2P,America/Winnipeg
R2R,America/Winnipeg
R2S,America/Winnipeg
R2T,America/Winnipeg
R2V,America/Winnipeg
R2W,America/Winnipeg
R2X,America/Winnipeg
R2Y,America/Winnipeg
R2Z,America/Winnipeg
R3A,America/Winnipeg
R3B,America/Winnipeg
R3C,America/Winnipeg
R3E,America/Winnipeg
R3G,America/Winnipeg
R3H,America/Winnipeg
R3J,America/Winnipeg
R3K,America/Winnipeg
R3L,America/Winnipeg
R3M,America/Winnipeg
R3N,America/Winnipeg
R3P,America/Winnipeg
R3R,America/Winnipeg
R3S,America/Winnipeg
R3T,America/Winnipeg
R3V,America/Winnipeg
R3W,America/Winnipeg
R3X,America/Winnipeg
R3Y,America/Winnipeg
R3Z,America/Winnipeg
R4A,America/Winnipeg
R4B,America/Winnipeg
R4C,America/Winnipeg
R4E,America/Winnipeg
R4G,America/Winnipeg
R4H,America/Winnipeg
R4J,America/Winnipeg
R4K,America/Winnipeg
R4L,America/Winnipeg
R4M,America/Winnipeg
R4N,America/Winnipeg
R4P,America/Winnipeg
R4R,America/Winnipeg
R4S,America/Winnipeg
R4T,America/Winnipeg
R4V,America/Winnipeg
R4W,America/Winnipeg
R4X,America/Winnipeg
R4Y,America/Winnipeg
R4Z,America/Winnipeg
R5A,America/Winnipeg
R5B,America/Winnipeg
R5C,America/Winnipeg
R5E,America/Winnipeg
R5G,America/Winnipeg
R5H,America/Winnipeg
R5J,America/Winnipeg
R5K,America/Winnipeg
R5L,America/Winnipeg
R5M,America/Winnipeg
R5N,America/Winnipeg
R5P,America/Winnipeg
R5R,America/Winnipeg
R5S,America/Winnipeg
R5T,America/Winnipeg
R5V,America/Winnipeg
R5W,America/Winnipeg
R5X,America/Winnipeg
R5Y,America/Winnipeg
R5Z,America/Winnipeg
R6A,America/Winnipeg
R6B,America/Winnipeg
R6C,America/Winnipeg
R6E,America/Winnipeg
R6G,America/Winnipeg
R6H,America/Winnipeg
R6J,America/Winnipeg
R6K,America/Winnipeg
R6L,America/Winnipeg
R6M,America/Winnipeg
R6N,America/Winnipeg
R6P,America/Winnipeg
R6R,America/Winnipeg
R6S,America/Winnipeg
R6T,America/Winnipeg
R6V,America/Winnipeg
R6W,America/Winnipeg
R6X,America/Winnipeg
R6Y,America/Winnipeg
R6Z,America/Winnipeg
R7A,America/Winnipeg
R7B,America/Winnipeg
R7C,America/Winnipeg
R7E,America/Winnipeg
R7G,America/Winnipeg
R7H,America/Winnipeg
R7J,America/Winnipeg
R7K,America/Winnipeg
R7L,America/Winnipeg
R7M,America/Winnipeg
R7N,America/Winnipeg
R7P,America/Winnipeg
R7R,America/Winnipeg
R7S,America/Winnipeg
R7T,America/Winnipeg
R7V,America/Winnipeg
R7W,America/Winnipeg
R7X,America/Winnipeg
R7Y,America/Winnipeg
R7Z,America/Winnipeg
R8A,America/Winnipeg
R8B,America/Winnipeg
R8C,America/Winnipeg
R8E,America/Winnipeg
R8G,America/Winnipeg
R8H,America/Winnipeg
R8J,America/Winnipeg
R8K,America/Winnipeg
R8L,America/Winnipeg
R8M,America/Winnipeg
R8N,America/Winnipeg
R8P,America/Winnipeg
R8R,America/Winnipeg
R8S,America/Winnipeg
R8T,America/Winnipeg
R8V,America/Winnipeg
R8W,America/Winnipeg
R8X,America/Winnipeg
R8Y,America/Winnipeg
R8Z,America/Winnipeg
R9A,America/Winnipeg
R9B,America/Winnipeg
R9C,America/Winnipeg
R9E,America/Winnipeg
R9G,America/Winnipeg
R9H,America/Winnipeg
R9J,America/Winnipeg
R9K,America/Winnipeg
R9L,America/Winnipeg
R9M,America/Winnipeg
R9N,America/Winnipeg
R9P,America/Winnipeg
R9R,America/Winnipeg
R9S,America/Winnipeg
R9T,America/Winnipeg
R9V,America/Winnipeg
R9W,America/Winnipeg
R9X,America/Winnipeg
R9Y,America/Winnipeg
R9Z,America/Winnipeg
S0A,America/Regina
S0B,America/Regina
S0C,America/Regina
S0E,America/Regina
S0G,America/Regina
S0H,America/Regina
S0J,America/Regina
S0K,America/Regina
S0L,America/Regina
S0M,America/Regina
S0N,America/Regina
S0P,America/Regina
S0R,America/Regina
S0S,America/Regina
S0T,America/Regina
S0V,America/Regina
S0W,America/Regina
S0X,America/Regina
S0Y,America/Regina
S0Z,America/Regina
S1A,America/Regina
S1B,America/Regina
S1C,America/Regina
S1E,America/Regina
S1G,America/Regina
S1H,America/Regina
S1J,America/Regina
S1K,America/Regina
S1L,America/Regina
S1M,America/Regina
S1N,America/Regina
S1P,America/Regina
S1R,America/Regina
S1S,America/Regina
S1T,America/Regina
S1V,America/Regina
S1W,America/Regina
S1X,America/Regina
S1Y,America/Regina
S1Z,America/Regina
S2A,America/Regina
S2B,America/Regina
S2C,America/Regina
S2E,America/Regina
S2G,America/Regina
S2H,America/Regina
S2J,America/Regina
S2K,America/Regina
S2L,America/Regina
S2M,America/Regina
S2N,America/Regina
S2P,America/Regina
S2R,America/Regina
S2S,America/Regina
S2T,America/Regina
S2V,America/Regina
S2W,America/Regina
S2X,America/Regina
S2Y,America/Regina
S2Z,America/Regina
S3A,America/Regina
S3B,America/Regina
S3C,America/Regina
S3E,America/Regina
S3G,America/Regina
S3H,America/Regina
S3J,America/Regina
S3K,America/Regina
S3L,America/Regina
S3M,America/Regina
S3N,America/Regina
S3P,America/Regina
S3R,America/Regina
S3S,America/Regina
S3T,America/Regina
S3V,America/Regina
S3W,America/Regina
S3X,America/Regina
S3Y,America/Regina
S3Z,America/Regina
S4A,America/Regina
S4B,America/Regina
S4C,America/Regina
S4E,America/Regina
S4G,America/Regina
S4H,America/Regina
S4J,America/Regina
S4K,America/Regina
S4L,America/Regina
S4M,America/Regina
S4N,America/Regina
S4P,America/Regina
S4R,America/Regina
S4S,America/Regina
S4T,America/Regina
S4V,America/Regina
S4W,America/Regina
S4X,America/Regina
S4Y,America/Regina
S4Z,America/Regina
S5A,America/Regina
S5B,America/Regina
S5C,America/Regina
S5E,America/Regina
S5G,America/Regina
S5H,America/Regina
S5J,America/Regina
S5K,America/Regina
S5L,America/Regina
S5M,America/Regina
S5N,America/Regina
S5P,America/Regina
S5R,America/Regina
S5S,America/Regina
S5T,America/Regina
S5V,America/Regina
S5W,America/Regina
S5X,America/Regina
S5Y,America/Regina
S5Z,America/Regina
S6A,America/Regina
S6B,America/Regina
S6C,America/Regina
S6E,America/Regina
S6G,America/Regina
S6H,America/Regina
S6J,America/Regina
S6K,America/Regina
S6L,America/Regina
S6M,America/Regina
S6N,America/Regina
S6P,America/Regina
S6R,America/Regina
S6S,America/Regina
S6T,America/Regina
S6V,America/Regina
S6W,America/Regina
S6X,America/Regina
S6Y,America/Regina
S6Z,America/Regina
S7A,America/Regina
S7B,America/Regina
S7C,America/Regina
S7E,America/Regina
S7G,America/Regina
S7H,America/Regina
S7J,America/Regina
S7K,America/Regina
S7L,America/Regina
S7M,America/Regina
S7N,America/Regina
S7P,America/Regina
S7R,America/Regina
S7S,America/Regina
S7T,America/Regina
S7V,America/Regina
S7W,America/Regina
S7X,America/Regina
S7Y,America/Regina
S7Z,America/Regina
S8A,America/Regina
S8B,America/Regina
S8C,America/Regina
S8E,America/Regina
S8G,America/Regina
S8H,America/Regina
S8J,America/Regina
S8K,America/Regina
S8L,America/Regina
S8M,America/Regina
S8N,America/Regina
S8P,America/Regina
S8R,America/Regina
S8S,America/Regina
S8T,America/Regina
S8V,America/Regina
S8W,America/Regina
S8X,America/Regina
S8Y,America/Regina
S8Z,America/Regina
S9A,America/Regina
S9B,America/Regina
S9C,America/Regina
S9E,America/Regina
S9G,America/Regina
S9H,America/Regina
S9J,America/Regina
S9K,America/Regina
S9L,America/Regina
S9M,America/Regina
S9N,America/Regina
S9P,America/Regina
S9R,America/Regina
S9S,America/Regina
S9T,America/Regina
S9V,America/Regina
S9W,America/Regina
S9X,America/Regina
S9Y,America/Regina
S9Z,America/Regina
T0A,America/Edmonton
T0B,America/Edmonton
T0C,America/Edmonton
T0E,America/Edmonton
T0G,America/Edmonton
T0H,America/Edmonton
T0J,America/Edmonton
T0K,America/Edmonton
T0L,America/Edmonton
T0M,America/Edmonton
T0N,America/Edmonton
T0P,America/Edmonton
T0R,America/Edmonton
T0S,America/Edmonton
T0T,America/Edmonton
T0V,America/Edmonton
T0W,America/Edmonton
T0X,America/Edmonton
T0Y,America/Edmonton
T0Z,America/Edmonton
T1A,America/Edmonton
T1B,America/Edmonton
T1C,America/Edmonton
T1E,America/Edmonton
T1G,America/Edmonton
T1H,America/Edmonton
T1J,America/Edmonton
T1K,America/Edmonton
T1L,America/Edmonton
T1M,America/Edmonton
T1N,America/Edmonton
T1P,America/Edmonton
T1R,America/Edmonton
T1S,America/Edmonton
T1T,America/Edmonton
T1V,America/Edmonton
T1W,America/Edmonton
T1X,America/Edmonton
T1Y,America/Edmonton
T1Z,America/Edmonton
T2A,America/Edmonton
T2B,America/Edmonton
T2C,America/Edmonton
T2E,America/Edmonton
T2G,America/Edmonton
T2H,America/Edmonton
T2J,America/Edmonton
T2K,America/Edmonton
T2L,America/Edmonton
T2M,America/Edmonton
T2N,America/Edmonton
T2P,America/Edmonton
T2R,America/Edmonton
T2S,America/Edmonton
T2T,America/Edmonton
T2V,America/Edmonton
T2W,America/Edmonton
T2X,America/Edmonton
T2Y,America/Edmonton
T2Z,America/Edmonton
T3A,America/Edmonton
T3B,America/Edmonton
T3C,America/Edmonton
T3E,America/Edmonton
T3G,America/Edmonton
T3H,America/Edmonton
T3J,America/Edmonton
T3K,America/Edmonton
T3L,America/Edmonton
T3M,America/Edmonton
T3N,America/Edmonton
T3P,America/Edmonton
T3R,America/Edmonton
T3S,America/Edmonton
T3T,America/Edmonton
T3V,America/Edmonton
T3W,America/Edmonton
T3X,America/Edmonton
T3Y,America/Edmonton
T3Z,America/Edmonton
T4A,America/Edmonton
T4B,America/Edmonton
T4C,America/Edmonton
T4E,America/Edmonton
T4G,America/Edmonton
T4H,America/Edmonton
T4J,America/Edmonton
T4K,America/Edmonton
T4L,America/Edmonton
T4M,America/Edmonton
T4N,America/Edmonton
T4P,America/Edmonton
T4R,America/Edmonton
T4S,America/Edmonton
T4T,America/Edmonton
T4V,America/Edmonton
T4W,America/Edmonton
T4X,America/Edmonton
T4Y,America/Edmonton
T4Z,America/Edmonton
T5A,America/Edmonton
T5B,America/Edmonton
T5C,America/Edmonton
T5E,America/Edmonton
T5G,America/Edmonton
T5H,America/Edmonton
T5J,America/Edmonton
T5K,America/Edmonton
T5L,America/Edmonton
T5M,America/Edmonton
T5N,America/Edmonton
T5P,America/Edmonton
T5R,America/Edmonton
T5S,America/Edmonton
T5T,America/Edmonton
T5V,America/Edmonton
T5W,America/Edmonton
T5X,America/Edmonton
T5Y,America/Edmonton
T5Z,America/Edmonton
T6A,America/Edmonton
T6B,America/Edmonton
T6C,America/Edmonton
T6E,America/Edmonton
T6G,America/Edmonton
T6H,America/Edmonton
T6J,America/Edmonton
T6K,America/Edmonton
T6L,America/Edmonton
T6M,America/Edmonton
T6N,America/Edmonton
T6P,America/Edmonton
T6R,America/Edmonton
T6S,America/Edmonton
T6T,America/Edmonton
T6V,America/Edmonton
T6W,America/Edmonton
T6X,America/Edmonton
T6Y,America/Edmonton
T6Z,America/Edmonton
T7A,America/Edmonton
T7B,America/Edmonton
T7C,America/Edmonton
T7E,America/Edmonton
T7G,America/Edmonton
T7H,America/Edmonton
T7J,America/Edmonton
T7K,America/Edmonton
T7L,America/Edmonton
T7M,America/Edmonton
T7N,America/Edmonton
T7P,America/Edmonton
T7R,America/Edmonton
T7S,America/Edmonton
T7T,America/Edmonton
T7V,America/Edmonton
T7W,America/Edmonton
T7X,America/Edmonton
T7Y,America/Edmonton
T7Z,America/Edmonton
T8A,America/Edmonton
T8B,America/Edmonton
T8C,America/Edmonton
T8E,America/Edmonton
T8G,America/Edmonton
T8H,America/Edmonton
T8J,America/Edmonton
T8K,America/Edmonton
T8L,America/Edmonton
T8M,America/Edmonton
T8N,America/Edmonton
T8P,America/Edmonton
T8R,America/Edmonton
T8S,America/Edmonton
T8T,America/Edmonton
T8V,America/Edmonton
T8W,America/Edmonton
T8X,America/Edmonton
T8Y,America/Edmonton
T8Z,America/Edmonton
T9A,America/Edmonton
T9B,America/Edmonton
T9C,America/Edmonton
T9E,America/Edmonton
T9G,America/Edmonton
T9H,America/Edmonton
T9J,America/Edmonton
T9K,America/Edmonton
T9L,America/Edmonton
T9M,America/Edmonton
T9N,America/Edmonton
T9P,America/Edmonton
T9R,America/Edmonton
T9S,America/Edmonton
T9T,America/Edmonton
T9V,America/Edmonton
T9W,America/Edmonton
T9X,America/Edmonton
T9Y,America/Edmonton
T9Z,America/Edmonton
V0A,America/Vancouver
V0B,America/Vancouver
V0C,America/Vancouver
V0E,America/Vancouver
V0G,America/Vancouver
V0H,America/Vancouver
V0J,America/Vancouver
V0K,America/Vancouver
V0L,America/Vancouver
V0M,America/Vancouver
V0N,America/Vancouver
V0P,America/Vancouver
V0R,America/Vancouver
V0S,America/Vancouver
V0T,America/Vancouver
V0V,America/Vancouver
V0W,America/Vancouver
V0X,America/Vancouver
V0Y,America/Vancouver
V0Z,America/Vancouver
V1A,America/Vancouver
V1B,America/Vancouver
V1C,America/Vancouver
V1E,America/Vancouver
V1G,America/Vancouver
V1H,America/Vancouver
V1J,America/Vancouver
V1K,America/Vancouver
V1L,America/Vancouver
V1M,America/Vancouver
V1N,America/Vancouver
V1P,America/Vancouver
V1R,America/Vancouver
V1S,America/Vancouver
V1T,America/Vancouver
V1V,America/Vancouver
V1W,America/Vancouver
V1X,America/Vancouver
V1Y,America/Vancouver
V1Z,America/Vancouver
V2A,America/Vancouver
V2B,America/Vancouver
V2C,America/Vancouver
V2E,America/Vancouver
V2G,America/Vancouver
V2H,America/Vancouver
V2J,America/Vancouver
V2K,America/Vancouver
V2L,America/Vancouver
V2M,America/Vancouver
V2N,America/Vancouver
V2P,America/Vancouver
V2R,America/Vancouver
V2S,America/Vancouver
V2T,America/Vancouver
V2V,America/Vancouver
V2W,America/Vancouver
V2X,America/Vancouver
V2Y,America/Vancouver
V2Z,America/Vancouver
V3A,America/Vancouver
V3B,America/Vancouver
V3C,America/Vancouver
V3E,America/Vancouver
V3G,America/Vancouver
V3H,America/Vancouver
V3J,America/Vancouver
V3K,America/Vancouver
V3L,America/Vancouver
V3M,America/Vancouver
V3N,America/Vancouver
V3P,America/Vancouver
V3R,America/Vancouver
V3S,America/Vancouver
V3T,America/Vancouver
V3V,America/Vancouver
V3W,America/Vancouver
V3X,America/Vancouver
V3Y,America/Vancouver
V3Z,America/Vancouver
V4A,America/Vancouver
V4B,America/Vancouver
V4C,America/Vancouver
V4E,America/Vancouver
V4G,America/Vancouver
V4H,America/Vancouver
V4J,America/Vancouver
V4K,America/Vancouver
V4L,America/Vancouver
V4M,America/Vancouver
V4N,America/Vancouver
V4P,America/Vancouver
V4R,America/Vancouver
V4S,America/Vancouver
V4T,America/Vancouver
V4V,America/Vancouver
V4W,America/Vancouver
V4X,America/Vancouver
V4Y,America/Vancouver
V4Z,America/Vancouver
V5A,America/Vancouver
V5B,America/Vancouver
V5C,America/Vancouver
V5E,America/Vancouver
V5G,America/Vancouver
V5H,America/Vancouver
V5J,America/Vancouver
V5K,America/Vancouver
V5L,America/Vancouver
V5M,America/Vancouver
V5N,America/Vancouver
V5P,America/Vancouver
V5R,America/Vancouver
V5S,America/Vancouver
V5T,America/Vancouver
V5V,America/Vancouver
V5W,America/Vancouver
V5X,America/Vancouver
V5Y,America/Vancouver
V5Z,America/Vancouver
V6A,America/Vancouver
V6B,America/Vancouver
V6C,America/Vancouver
V6E,America/Vancouver
V6G,America/Vancouver
V6H,America/Vancouver
V6J,America/Vancouver
V6K,America/Vancouver
V6L,America/Vancouver
V6M,America/Vancouver
V6N,America/Vancouver
V6P,America/Vancouver
V6R,America/Vancouver
V6S,America/Vancouver
V6T,America/Vancouver
V6V,America/Vancouver
V6W,America/Vancouver
V6X,America/Vancouver
V6Y,America/Vancouver
V6Z,America/Vancouver
V7A,America/Vancouver
V7B,America/Vancouver
V7C,America/Vancouver
V7E,America/Vancouver
V7G,America/Vancouver
V7H,America/Vancouver
V7J,America/Vancouver
V7K,America/Vancouver
V7L,America/Vancouver
V7M,America/Vancouver
V7N,America/Vancouver
V7P,America/Vancouver
V7R,America/Vancouver
V7S,America/Vancouver
V7T,America/Vancouver
V7V,America/Vancouver
V7W,America/Vancouver
V7X,America/Vancouver
V7Y,America/Vancouver
V7Z,America/Vancouver
V8A,America/Vancouver
V8B,America/Vancouver
V8C,America/Vancouver
V8E,America/Vancouver
V8G,America/Vancouver
V8H,America/Vancouver
V8J,America/Vancouver
V8K,America/Vancouver
V8L,America/Vancouver
V8M,America/Vancouver
V8N,America/Vancouver
V8P,America/Vancouver
V8R,America/Vancouver
V8S,America/Vancouver
V8T,America/Vancouver
V8V,America/Vancouver
V8W,America/Vancouver
V8X,America/Vancouver
V8Y,America/Vancouver
V8Z,America/Vancouver
V9A,America/Vancouver
V9B,America/Vancouver
V9C,America/Vancouver
V9E,America/Vancouver
V9G,America/Vancouver
V9H,America/Vancouver
V9J,America/Vancouver
V9K,America/Vancouver
V9L,America/Vancouver
V9M,America/Vancouver
V9N,America/Vancouver
V9P,America/Vancouver
V9R,America/Vancouver
V9S,America/Vancouver
V9T,America/Vancouver
V9V,America/Vancouver
V9W,America/Vancouver
V9X,America/Vancouver
V9Y,America/Vancouver
V9Z,America/Vancouver
X0A,America/Iqaluit
X0B,America/Cambridge_Bay
X0C,America/Rankin_Inlet
X0E,America/Yellowknife
X0G,America/Yellowknife
X0H,America/Yellowknife
X0J,America/Yellowknife
X0K,America/Yellowknife
X0L,America/Yellowknife
X0M,America/Yellowknife
X0N,America/Yellowknife
X0P,America/Yellowknife
X0R,America/Yellowknife
X0S,America/Yellowknife
X0T,America/Yellowknife
X0V,America/Yellowknife
X0W,America/Yellowknife
X0X,America/Yellowknife
X0Y,America/Yellowknife
X0Z,America/Yellowknife
X1A,America/Yellowknife
X1B,America/Yellowknife
X1C,America/Yellowknife
X1E,America/Yellowknife
X1G,America/Yellowknife
X1H,America/Yellowknife
X1J,America/Yellowknife
X1K,America/Yellowknife
X1L,America/Yellowknife
X1M,America/Yellowknife
X1N,America/Yellowknife
X1P,America/Yellowknife
X1R,America/Yellowknife
X1S,America/Yellowknife
X1T,America/Yellowknife
X1V,America/Yellowknife
X1W,America/Yellowknife
X1X,America/Yellowknife
X1Y,America/Yellowknife
X1Z,America/Yellowknife
X2A,America/Yellowknife
X2B,America/Yellowknife
X2C,America/Yellowknife
X2E,America/Yellowknife
X2G,America/Yellowknife
X2H,America/Yellowknife
X2J,America/Yellowknife
X2K,America/Yellowknife
X2L,America/Yellowknife
X2M,America/Yellowknife
X2N,America/Yellowknife
X2P,America/Yellowknife
X2R,America/Yellowknife
X2S,America/Yellowknife
X2T,America/Yellowknife
X2V,America/Yellowknife
X2W,America/Yellowknife
X2X,America/Yellowknife
X2Y,America/Yellowknife
X2Z,America/Yellowknife
X3A,America/Yellowknife
X3B,America/Yellowknife
X3C,America/Yellowknife
X3E,America/Yellowknife
X3G,America/Yellowknife
X3H,America/Yellowknife
X3J,America/Yellowknife
X3K,America/Yellowknife
X3L,America/Yellowknife
X3M,America/Yellowknife
X3N,America/Yellowknife
X3P,America/Yellowknife
X3R,America/Yellowknife
X3S,America/Yellowknife
X3T,America/Yellowknife
X3V,America/Yellowknife
X3W,America/Yellowknife
X3X,America/Yellowknife
X3Y,America/Yellowknife
X3Z,America/Yellowknife
X4A,America/Yellowknife
X4B,America/Yellowknife
X4C,America/Yellowknife
X4E,America/Yellowknife
X4G,America/Yellowknife
X4H,America/Yellowknife
X4J,America/Yellowknife
X4K,America/Yellowknife
X4L,America/Yellowknife
X4M,America/Yellowknife
X4N,America/Yellowknife
X4P,America/Yellowknife
X4R,America/Yellowknife
X4S,America/Yellowknife
X4T,America/Yellowknife
X4V,America/Yellowknife
X4W,America/Yellowknife
X4X,America/Yellowknife
X4Y,America/Yellowknife
X4Z,America/Yellowknife
X5A,America/Yellowknife
X5B,America/Yellowknife
X5C,America/Yellowknife
X5E,America/Yellowknife
X5G,America/Yellowknife
X5H,America/Yellowknife
X5J,America/Yellowknife
X5K,America/Yellowknife
X5L,America/Yellowknife
X5M,America/Yellowknife
X5N,America/Yellowknife
X5P,America/Yellowknife
X5R,America/Yellowknife
X5S,America/Yellowknife
X5T,America/Yellowknife
X5V,America/Yellowknife
X5W,America/Yellowknife
X5X,America/Yellowknife
X5Y,America/Yellowknife
X5Z,America/Yellowknife
X6A,America/Yellowknife
X6B,America/Yellowknife
X6C,America/Yellowknife
X6E,America/Yellowknife
X6G,America/Yellowknife
X6H,America/Yellowknife
X6J,America/Yellowknife
X6K,America/Yellowknife
X6L,America/Yellowknife
X6M,America/Yellowknife
X6N,America/Yellowknife
X6P,America/Yellowknife
X6R,America/Yellowknife
X6S,America/Yellowknife
X6T,America/Yellowknife
X6V,America/Yellowknife
X6W,America/Yellowknife
X6X,America/Yellowknife
X6Y,America/Yellowknife
X6Z,America/Yellowknife
X7A,America/Yellowknife
X7B,America/Yellowknife
X7C,America/Yellowknife
X7E,America/Yellowknife
X7G,America/Yellowknife
X7H,America/Yellowknife
X7J,America/Yellowknife
X7K,America/Yellowknife
X7L,America/Yellowknife
X7M,America/Yellowknife
X7N,America/Yellowknife
X7P,America/Yellowknife
X7R,America/Yellowknife
X7S,America/Yellowknife
X7T,America/Yellowknife
X7V,America/Yellowknife
X7W,America/Yellowknife
X7X,America/Yellowknife
X7Y,America/Yellowknife
X7Z,America/Yellowknife
X8A,America/Yellowknife
X8B,America/Yellowknife
X8C,America/Yellowknife
X8E,America/Yellowknife
X8G,America/Yellowknife
X8H,America/Yellowknife
X8J,America/Yellowknife
X8K,America/Yellowknife
X8L,America/Yellowknife
X8M,America/Yellowknife
X8N,America/Yellowknife
X8P,America/Yellowknife
X8R,America/Yellowknife
X8S,America/Yellowknife
X8T,America/Yellowknife
X8V,America/Yellowknife
X8W,America/Yellowknife
X8X,America/Yellowknife
X8Y,America/Yellowknife
X8Z,America/Yellowknife
X9A,America/Yellowknife
X9B,America/Yellowknife
X9C,America/Yellowknife
X9E,America/Yellowknife
X9G,America/Yellowknife
X9H,America/Yellowknife
X9J,America/Yellowknife
X9K,America/Yellowknife
X9L,America/Yellowknife
X9M,America/Yellowknife
X9N,America/Yellowknife
X9P,America/Yellowknife
X9R,America/Yellowknife
X9S,America/Yellowknife
X9T,America/Yellowknife
X9V,America/Yellowknife
X9W,America/Yellowknife
X9X,America/Yellowknife
X9Y,America/Yellowknife
X9Z,America/Yellowknife
Y0A,America/Whitehorse
Y0B,America/Whitehorse
Y0C,America/Whitehorse
Y0E,America/Whitehorse
Y0G,America/Whitehorse
Y0H,America/Whitehorse
Y0J,America/Whitehorse
Y0K,America/Whitehorse
Y0L,America/Whitehorse
Y0M,America/Whitehorse
Y0N,America/Whitehorse
Y0P,America/Whitehorse
Y0R,America/Whitehorse
Y0S,America/Whitehorse
Y0T,America/Whitehorse
Y0V,America/Whitehorse
Y0W,America/Whitehorse
Y0X,America/Whitehorse
Y0Y,America/Whitehorse
Y0Z,America/Whitehorse
Y1A,America/Whitehorse
Y1B,America/Whitehorse
Y1C,America/Whitehorse
Y1E,America/Whitehorse
Y1G,America/Whitehorse
Y1H,America/Whitehorse
Y1J,America/Whitehorse
Y1K,America/Whitehorse
Y1L,America/Whitehorse
Y1M,America/Whitehorse
Y1N,America/Whitehorse
Y1P,America/Whitehorse
Y1R,America/Whitehorse
Y1S,America/Whitehorse
Y1T,America/Whitehorse
Y1V,America/Whitehorse
Y1W,America/Whitehorse
Y1X,America/Whitehorse
Y1Y,America/Whitehorse
Y1Z,America/Whitehorse
Y2A,America/Whitehorse
Y2B,America/Whitehorse
Y2C,America/Whitehorse
Y2E,America/Whitehorse
Y2G,America/Whitehorse
Y2H,America/Whitehorse
Y2J,America/Whitehorse
Y2K,America/Whitehorse
Y2L,America/Whitehorse
Y2M,America/Whitehorse
Y2N,America/Whitehorse
Y2P,America/Whitehorse
Y2R,America/Whitehorse
Y2S,America/Whitehorse
Y2T,America/Whitehorse
Y2V,America/Whitehorse
Y2W,America/Whitehorse
Y2X,America/Whitehorse
Y2Y,America/Whitehorse
Y2Z,America/Whitehorse
Y3A,America/Whitehorse
Y3B,America/Whitehorse
Y3C,America/Whitehorse
Y3E,America/Whitehorse
Y3G,America/Whitehorse
Y3H,America/Whitehorse
Y3J,America/Whitehorse
Y3K,America/Whitehorse
Y3L,America/Whitehorse
Y3M,America/Whitehorse
Y3N,America/Whitehorse
Y3P,America/Whitehorse
Y3R,America/Whitehorse
Y3S,America/Whitehorse
Y3T,America/Whitehorse
Y3V,America/Whitehorse
Y3W,America/Whitehorse
Y3X,America/Whitehorse
Y3Y,America/Whitehorse
Y3Z,America/Whitehorse
Y4A,America/Whitehorse
Y4B,America/Whitehorse
Y4C,America/Whitehorse
Y4E,America/Whitehorse
Y4G,America/Whitehorse
Y4H,America/Whitehorse
Y4J,America/Whitehorse
Y4K,America/Whitehorse
Y4L,America/Whitehorse
Y4M,America/Whitehorse
Y4N,America/Whitehorse
Y4P,America/Whitehorse
Y4R,America/Whitehorse
Y4S,America/Whitehorse
Y4T,America/Whitehorse
Y4V,America/Whitehorse
Y4W,America/Whitehorse
Y4X,America/Whitehorse
Y4Y,America/Whitehorse
Y4Z,America/Whitehorse
Y5A,America/Whitehorse
Y5B,America/Whitehorse
Y5C,America/Whitehorse
Y5E,America/Whitehorse
Y5G,America/Whitehorse
Y5H,America/Whitehorse
Y5J,America/Whitehorse
Y5K,America/Whitehorse
Y5L,America/Whitehorse
Y5M,America/Whitehorse
Y5N,America/Whitehorse
Y5P,America/Whitehorse
Y5R,America/Whitehorse
Y5S,America/Whitehorse
Y5T,America/Whitehorse
Y5V,America/Whitehorse
Y5W,America/Whitehorse
Y5X,America/Whitehorse
Y5Y,America/Whitehorse
Y5Z,America/Whitehorse
Y6A,America/Whitehorse
Y6B,America/Whitehorse
Y6C,America/Whitehorse
Y6E,America/Whitehorse
Y6G,America/Whitehorse
Y6H,America/Whitehorse
Y6J,America/Whitehorse
Y6K,America/Whitehorse
Y6L,America/Whitehorse
Y6M,America/Whitehorse
Y6N,America/Whitehorse
Y6P,America/Whitehorse
Y6R,America/Whitehorse
Y6S,America/Whitehorse
Y6T,America/Whitehorse
Y6V,America/Whitehorse
Y6W,America/Whitehorse
Y6X,America/Whitehorse
Y6Y,America/Whitehorse
Y6Z,America/Whitehorse
Y7A,America/Whitehorse
Y7B,America/Whitehorse
Y7C,America/Whitehorse
Y7E,America/Whitehorse
Y7G,America/Whitehorse
Y7H,America/Whitehorse
Y7J,America/Whitehorse
Y7K,America/Whitehorse
Y7L,America/Whitehorse
Y7M,America/Whitehorse
Y7N,America/Whitehorse
Y7P,America/Whitehorse
Y7R,America/Whitehorse
Y7S,America/Whitehorse
Y7T,America/Whitehorse
Y7V,America/Whitehorse
Y7W,America/Whitehorse
Y7X,America/Whitehorse
Y7Y,America/Whitehorse
Y7Z,America/Whitehorse
Y8A,America/Whitehorse
Y8B,America/Whitehorse
Y8C,America/Whitehorse
Y8E,America/Whitehorse
Y8G,America/Whitehorse
Y8H,America/Whitehorse
Y8J,America/Whitehorse
Y8K,America/Whitehorse
Y8L,America/Whitehorse
Y8M,America/Whitehorse
Y8N,America/Whitehorse
Y8P,America/Whitehorse
Y8R,America/Whitehorse
Y8S,America/Whitehorse
Y8T,America/Whitehorse
Y8V,America/Whitehorse
Y8W,America/Whitehorse
Y8X,America/Whitehorse
Y8Y,America/Whitehorse
Y8Z,America/Whitehorse
Y9A,America/Whitehorse
Y9B,America/Whitehorse
Y9C,America/Whitehorse
Y9E,America/Whitehorse
Y9G,America/Whitehorse
Y9H,America/Whitehorse
Y9J,America/Whitehorse
Y9K,America/Whitehorse
Y9L,America/Whitehorse
Y9M,America/Whitehorse
Y9N,America/Whitehorse
Y9P,America/Whitehorse
Y9R,America/Whitehorse
Y9S,America/Whitehorse
Y9T,America/Whitehorse
Y9V,America/Whitehorse
Y9W,America/Whitehorse
Y9X,America/Whitehorse
Y9Y,America/Whitehorse
Y9Z,America/Whitehorse
