32401,America/Chicago
32402,America/Chicago
32403,America/Chicago
32404,America/Chicago
32405,America/Chicago
32406,America/Chicago
32407,America/Chicago
32408,America/Chicago
32409,America/Chicago
32410,America/Chicago
32411,America/Chicago
32412,America/Chicago
32413,America/Chicago
32414,America/Chicago
32415,America/Chicago
32416,America/Chicago
32417,America/Chicago
32418,America/Chicago
32419,America/Chicago
32420,America/Chicago
32421,America/Chicago
32422,America/Chicago
32423,America/Chicago
32424,America/Chicago
32425,America/Chicago
32426,America/Chicago
32427,America/Chicago
32428,America/Chicago
32429,America/Chicago
32430,America/Chicago
32431,America/Chicago
32432,America/Chicago
32433,America/Chicago
32434,America/Chicago
32435,America/Chicago
32436,America/Chicago
32437,America/Chicago
32438,America/Chicago
32439,America/Chicago
32440,America/Chicago
32441,America/Chicago
32442,America/Chicago
32443,America/Chicago
32444,America/Chicago
32445,America/Chicago
32446,America/Chicago
32447,America/Chicago
32448,America/Chicago
32449,America/Chicago
32450,America/Chicago
32451,America/Chicago
32452,America/Chicago
32453,America/Chicago
32454,America/Chicago
32455,America/Chicago
32456,America/Chicago
32457,America/Chicago
32458,America/Chicago
32459,America/Chicago
32460,America/Chicago
32461,America/Chicago
32462,America/Chicago
32463,America/Chicago
32464,America/Chicago
32465,America/Chicago
32466,America/Chicago
32467,America/Chicago
32468,America/Chicago
32469,America/Chicago
32501,America/Chicago
32502,America/Chicago
32503,America/Chicago
32504,America/Chicago
32505,America/Chicago
32506,America/Chicago
32507,America/Chicago
32508,America/Chicago
32509,America/Chicago
32510,America/Chicago
32511,America/Chicago
32512,America/Chicago
32513,America/Chicago
32514,America/Chicago
32515,America/Chicago
32516,America/Chicago
32517,America/Chicago
32518,America/Chicago
32519,America/Chicago
32520,America/Chicago
32521,America/Chicago
32522,America/Chicago
32523,America/Chicago
32524,America/Chicago
32525,America/Chicago
32526,America/Chicago
32527,America/Chicago
32528,America/Chicago
32529,America/Chicago
32530,America/Chicago
32531,America/Chicago
32532,America/Chicago
32533,America/Chicago
32534,America/Chicago
32535,America/Chicago
32536,America/Chicago
32537,America/Chicago
32538,America/Chicago
32539,America/Chicago
32540,America/Chicago
32541,America/Chicago
32542,America/Chicago
32543,America/Chicago
32544,America/Chicago
32545,America/Chicago
32546,America/Chicago
32547,America/Chicago
32548,America/Chicago
32549,America/Chicago
32550,America/Chicago
32551,America/Chicago
32552,America/Chicago
32553,America/Chicago
32554,America/Chicago
32555,America/Chicago
32556,America/Chicago
32557,America/Chicago
32558,America/Chicago
32559,America/Chicago
32560,America/Chicago
32561,America/Chicago
32562,America/Chicago
32563,America/Chicago
32564,America/Chicago
32565,America/Chicago
32566,America/Chicago
32567,America/Chicago
32568,America/Chicago
32569,America/Chicago
32570,America/Chicago
32571,America/Chicago
32572,America/Chicago
32573,America/Chicago
32574,America/Chicago
32575,America/Chicago
32576,America/Chicago
32577,America/Chicago
32578,America/Chicago
32579,America/Chicago
32580,America/Chicago
32581,America/Chicago
32582,America/Chicago
32583,America/Chicago
32584,America/Chicago
32585,America/Chicago
32586,America/Chicago
32587,America/Chicago
32588,America/Chicago
32589,America/Chicago
32590,America/Chicago
32591,America/Chicago
32592,America/Chicago
32593,America/Chicago
32594,America/Chicago
32595,America/Chicago
32596,America/Chicago
32597,America/Chicago
32598,America/Chicago
32599,America/Chicago
37000,America/Chicago
37001,America/Chicago
37002,America/Chicago
37003,America/Chicago
37004,America/Chicago
37005,America/Chicago
37006,America/Chicago
37007,America/Chicago
37008,America/Chicago
37009,America/Chicago
37010,America/Chicago
37011,America/Chicago
37012,America/Chicago
37013,America/Chicago
37014,America/Chicago
37015,America/Chicago
37016,America/Chicago
37017,America/Chicago
37018,America/Chicago
37019,America/Chicago
37020,America/Chicago
37021,America/Chicago
37022,America/Chicago
37023,America/Chicago
37024,America/Chicago
37025,America/Chicago
37026,America/Chicago
37027,America/Chicago
37028,America/Chicago
37029,America/Chicago
37030,America/Chicago
37031,America/Chicago
37032,America/Chicago
37033,America/Chicago
37034,America/Chicago
37035,America/Chicago
37036,America/Chicago
37037,America/Chicago
37038,America/Chicago
37039,America/Chicago
37040,America/Chicago
37041,America/Chicago
37042,America/Chicago
37043,America/Chicago
37044,America/Chicago
37045,America/Chicago
37046,America/Chicago
37047,America/Chicago
37048,America/Chicago
37049,America/Chicago
37050,America/Chicago
37051,America/Chicago
37052,America/Chicago
37053,America/Chicago
37054,America/Chicago
37055,America/Chicago
37056,America/Chicago
37057,America/Chicago
37058,America/Chicago
37059,America/Chicago
37060,America/Chicago
37061,America/Chicago
37062,America/Chicago
37063,America/Chicago
37064,America/Chicago
37065,America/Chicago
37066,America/Chicago
37067,America/Chicago
37068,America/Chicago
37069,America/Chicago
37070,America/Chicago
37071,America/Chicago
37072,America/Chicago
37073,America/Chicago
37074,America/Chicago
37075,America/Chicago
37076,America/Chicago
37077,America/Chicago
37078,America/Chicago
37079,America/Chicago
37080,America/Chicago
37081,America/Chicago
37082,America/Chicago
37083,America/Chicago
37084,America/Chicago
37085,America/Chicago
37086,America/Chicago
37087,America/Chicago
37088,America/Chicago
37089,America/Chicago
37090,America/Chicago
37091,America/Chicago
37092,America/Chicago
37093,America/Chicago
37094,America/Chicago
37095,America/Chicago
37096,America/Chicago
37097,America/Chicago
37098,America/Chicago
37099,America/Chicago
37100,America/Chicago
37101,America/Chicago
37102,America/Chicago
37103,America/Chicago
37104,America/Chicago
37105,America/Chicago
37106,America/Chicago
37107,America/Chicago
37108,America/Chicago
37109,America/Chicago
37110,America/Chicago
37111,America/Chicago
37112,America/Chicago
37113,America/Chicago
37114,America/Chicago
37115,America/Chicago
37116,America/Chicago
37117,America/Chicago
37118,America/Chicago
37119,America/Chicago
37120,America/Chicago
37121,America/Chicago
37122,America/Chicago
37123,America/Chicago
37124,America/Chicago
37125,America/Chicago
37126,America/Chicago
37127,America/Chicago
37128,America/Chicago
37129,America/Chicago
37130,America/Chicago
37131,America/Chicago
37132,America/Chicago
37133,America/Chicago
37134,America/Chicago
37135,America/Chicago
37136,America/Chicago
37137,America/Chicago
37138,America/Chicago
37139,America/Chicago
37140,America/Chicago
37141,America/Chicago
37142,America/Chicago
37143,America/Chicago
37144,America/Chicago
37145,America/Chicago
37146,America/Chicago
37147,America/Chicago
37148,America/Chicago
37149,America/Chicago
37150,America/Chicago
37151,America/Chicago
37152,America/Chicago
37153,America/Chicago
37154,America/Chicago
37155,America/Chicago
37156,America/Chicago
37157,America/Chicago
37158,America/Chicago
37159,America/Chicago
37160,America/Chicago
37161,America/Chicago
37162,America/Chicago
37163,America/Chicago
37164,America/Chicago
37165,America/Chicago
37166,America/Chicago
37167,America/Chicago
37168,America/Chicago
37169,America/Chicago
37170,America/Chicago
37171,America/Chicago
37172,America/Chicago
37173,America/Chicago
37174,America/Chicago
37175,America/Chicago
37176,America/Chicago
37177,America/Chicago
37178,America/Chicago
37179,America/Chicago
37180,America/Chicago
37181,America/Chicago
37182,America/Chicago
37183,America/Chicago
37184,America/Chicago
37185,America/Chicago
37186,America/Chicago
37187,America/Chicago
37188,America/Chicago
37189,America/Chicago
37190,America/Chicago
37191,America/Chicago
37192,America/Chicago
37193,America/Chicago
37194,America/Chicago
37195,America/Chicago
37196,America/Chicago
37197,America/Chicago
37198,America/Chicago
37199,America/Chicago
37200,America/New_York
37201,America/Chicago
37202,America/Chicago
37203,America/Chicago
37204,America/Chicago
37205,America/Chicago
37206,America/Chicago
37207,America/Chicago
37208,America/Chicago
37209,America/Chicago
37210,America/Chicago
37211,America/Chicago
37212,America/Chicago
37213,America/Chicago
37214,America/Chicago
37215,America/Chicago
37216,America/Chicago
37217,America/Chicago
37218,America/Chicago
37219,America/Chicago
37220,America/Chicago
37221,America/Chicago
37222,America/Chicago
37223,America/Chicago
37224,America/Chicago
37225,America/Chicago
37226,America/Chicago
37227,America/Chicago
37228,America/Chicago
37229,America/Chicago
37230,America/Chicago
37231,America/Chicago
37232,America/Chicago
37233,America/Chicago
37234,America/Chicago
37235,America/Chicago
37236,America/Chicago
37237,America/Chicago
37238,America/Chicago
37239,America/Chicago
37240,America/Chicago
37241,America/Chicago
37242,America/Chicago
37243,America/Chicago
37244,America/Chicago
37245,America/Chicago
37246,America/Chicago
37247,America/Chicago
37248,America/Chicago
37249,America/Chicago
37250,America/Chicago
37251,America/New_York
37252,America/New_York
37253,America/New_York
37254,America/New_York
37255,America/New_York
37256,America/New_York
37257,America/New_York
37258,America/New_York
37259,America/New_York
37260,America/New_York
37261,America/New_York
37262,America/New_York
37263,America/New_York
37264,America/New_York
37265,America/New_York
37266,America/New_York
37267,America/New_York
37268,America/New_York
37269,America/New_York
37270,America/New_York
37271,America/New_York
37272,America/New_York
37273,America/New_York
37274,America/New_York
37275,America/New_York
37276,America/New_York
37277,America/New_York
37278,America/New_York
37279,America/New_York
37280,America/New_York
37281,America/New_York
37282,America/New_York
37283,America/New_York
37284,America/New_York
37285,America/New_York
37286,America/New_York
37287,America/New_York
37288,America/New_York
37289,America/New_York
37290,America/New_York
37291,America/New_York
37292,America/New_York
37293,America/New_York
37294,America/New_York
37295,America/New_York
37296,America/New_York
37297,America/New_York
37298,America/New_York
37299,America/New_York
37300,America/New_York
37301,America/New_York
37302,America/New_York
37303,America/New_York
37304,America/New_York
37305,America/New_York
37306,America/New_York
37307,America/New_York
37308,America/New_York
37309,America/New_York
37310,America/New_York
37311,America/New_York
37312,America/New_York
37313,America/New_York
37314,America/New_York
37315,America/New_York
37316,America/New_York
37317,America/New_York
37318,America/New_York
37319,America/New_York
37320,America/New_York
37321,America/New_York
37322,America/New_York
37323,America/New_York
37324,America/New_York
37325,America/New_York
37326,America/New_York
37327,America/New_York
37328,America/New_York
37329,America/New_York
37330,America/New_York
37331,America/New_York
37332,America/New_York
37333,America/New_York
37334,America/New_York
37335,America/New_York
37336,America/New_York
37337,America/New_York
37338,America/New_York
37339,America/New_York
37340,America/New_York
37341,America/New_York
37342,America/New_York
37343,America/New_York
37344,America/New_York
37345,America/New_York
37346,America/New_York
37347,America/New_York
37348,America/New_York
37349,America/New_York
37350,America/New_York
37351,America/New_York
37352,America/New_York
37353,America/New_York
37354,America/New_York
37355,America/New_York
37356,America/New_York
37357,America/New_York
37358,America/New_York
37359,America/New_York
37360,America/New_York
37361,America/New_York
37362,America/New_York
37363,America/New_York
37364,America/New_York
37365,America/New_York
37366,America/New_York
37367,America/New_York
37368,America/New_York
37369,America/New_York
37370,America/New_York
37371,America/New_York
37372,America/New_York
37373,America/New_York
37374,America/New_York
37375,America/New_York
37376,America/New_York
37377,America/New_York
37378,America/New_York
37379,America/New_York
37380,America/New_York
37381,America/New_York
37382,America/New_York
37383,America/New_York
37384,America/New_York
37385,America/New_York
37386,America/New_York
37387,America/New_York
37388,America/New_York
37389,America/New_York
37390,America/New_York
37391,America/New_York
37392,America/New_York
37393,America/New_York
37394,America/New_York
37395,America/New_York
37396,America/New_York
37397,America/New_York
37398,America/New_York
37399,America/New_York
37400,America/New_York
37401,America/New_York
37402,America/New_York
37403,America/New_York
37404,America/New_York
37405,America/New_York
37406,America/New_York
37407,America/New_York
37408,America/New_York
37409,America/New_York
37410,America/New_York
37411,America/New_York
37412,America/New_York
37413,America/New_York
37414,America/New_York
37415,America/New_York
37416,America/New_York
37417,America/New_York
37418,America/New_York
37419,America/New_York
37420,America/New_York
37421,America/New_York
37422,America/New_York
37423,America/New_York
37424,America/New_York
37425,America/New_York
37426,America/New_York
37427,America/New_York
37428,America/New_York
37429,America/New_York
37430,America/New_York
37431,America/New_York
37432,America/New_York
37433,America/New_York
37434,America/New_York
37435,America/New_York
37436,America/New_York
37437,America/New_York
37438,America/New_York
37439,America/New_York
37440,America/New_York
37441,America/New_York
37442,America/New_York
37443,America/New_York
37444,America/New_York
37445,America/New_York
37446,America/New_York
37447,America/New_York
37448,America/New_York
37449,America/New_York
37450,America/New_York
37451,America/New_York
37452,America/New_York
37453,America/New_York
37454,America/New_York
37455,America/New_York
37456,America/New_York
37457,America/New_York
37458,America/New_York
37459,America/New_York
37460,America/New_York
37461,America/New_York
37462,America/New_York
37463,America/New_York
37464,America/New_York
37465,America/New_York
37466,America/New_York
37467,America/New_York
37468,America/New_York
37469,America/New_York
37470,America/New_York
37471,America/New_York
37472,America/New_York
37473,America/New_York
37474,America/New_York
37475,America/New_York
37476,America/New_York
37477,America/New_York
37478,America/New_York
37479,America/New_York
37480,America/New_York
37481,America/New_York
37482,America/New_York
37483,America/New_York
37484,America/New_York
37485,America/New_York
37486,America/New_York
37487,America/New_York
37488,America/New_York
37489,America/New_York
37490,America/New_York
37491,America/New_York
37492,America/New_York
37493,America/New_York
37494,America/New_York
37495,America/New_York
37496,America/New_York
37497,America/New_York
37498,America/New_York
37499,America/New_York
37500,America/New_York
37501,America/New_York
37502,America/New_York
37503,America/New_York
37504,America/New_York
37505,America/New_York
37506,America/New_York
37507,America/New_York
37508,America/New_York
37509,America/New_York
37510,America/New_York
37511,America/New_York
37512,America/New_York
37513,America/New_York
37514,America/New_York
37515,America/New_York
37516,America/New_York
37517,America/New_York
37518,America/New_York
37519,America/New_York
37520,America/New_York
37521,America/New_York
37522,America/New_York
37523,America/New_York
37524,America/New_York
37525,America/New_York
37526,America/New_York
37527,America/New_York
37528,America/New_York
37529,America/New_York
37530,America/New_York
37531,America/New_York
37532,America/New_York
37533,America/New_York
37534,America/New_York
37535,America/New_York
37536,America/New_York
37537,America/New_York
37538,America/New_York
37539,America/New_York
37540,America/New_York
37541,America/New_York
37542,America/New_York
37543,America/New_York
37544,America/New_York
37545,America/New_York
37546,America/New_York
37547,America/New_York
37548,America/New_York
37549,America/New_York
37550,America/New_York
37551,America/New_York
37552,America/New_York
37553,America/New_York
37554,America/New_York
37555,America/New_York
37556,America/New_York
37557,America/New_York
37558,America/New_York
37559,America/New_York
37560,America/New_York
37561,America/New_York
37562,America/New_York
37563,America/New_York
37564,America/New_York
37565,America/New_York
37566,America/New_York
37567,America/New_York
37568,America/New_York
37569,America/New_York
37570,America/New_York
37571,America/New_York
37572,America/New_York
37573,America/New_York
37574,America/New_York
37575,America/New_York
37576,America/New_York
37577,America/New_York
37578,America/New_York
37579,America/New_York
37580,America/New_York
37581,America/New_York
37582,America/New_York
37583,America/New_York
37584,America/New_York
37585,America/New_York
37586,America/New_York
37587,America/New_York
37588,America/New_York
37589,America/New_York
37590,America/New_York
37591,America/New_York
37592,America/New_York
37593,America/New_York
37594,America/New_York
37595,America/New_York
37596,America/New_York
37597,America/New_York
37598,America/New_York
37599,America/New_York
37600,America/New_York
37601,America/New_York
37602,America/New_York
37603,America/New_York
37604,America/New_York
37605,America/New_York
37606,America/New_York
37607,America/New_York
37608,America/New_York
37609,America/New_York
37610,America/New_York
37611,America/New_York
37612,America/New_York
37613,America/New_York
37614,America/New_York
37615,America/New_York
37616,America/New_York
37617,America/New_York
37618,America/New_York
37619,America/New_York
37620,America/New_York
37621,America/New_York
37622,America/New_York
37623,America/New_York
37624,America/New_York
37625,America/New_York
37626,America/New_York
37627,America/New_York
37628,America/New_York
37629,America/New_York
37630,America/New_York
37631,America/New_York
37632,America/New_York
37633,America/New_York
37634,America/New_York
37635,America/New_York
37636,America/New_York
37637,America/New_York
37638,America/New_York
37639,America/New_York
37640,America/New_York
37641,America/New_York
37642,America/New_York
37643,America/New_York
37644,America/New_York
37645,America/New_York
37646,America/New_York
37647,America/New_York
37648,America/New_York
37649,America/New_York
37650,America/New_York
37651,America/New_York
37652,America/New_York
37653,America/New_York
37654,America/New_York
37655,America/New_York
37656,America/New_York
37657,America/New_York
37658,America/New_York
37659,America/New_York
37660,America/New_York
37661,America/New_York
37662,America/New_York
37663,America/New_York
37664,America/New_York
37665,America/New_York
37666,America/New_York
37667,America/New_York
37668,America/New_York
37669,America/New_York
37670,America/New_York
37671,America/New_York
37672,America/New_York
37673,America/New_York
37674,America/New_York
37675,America/New_York
37676,America/New_York
37677,America/New_York
37678,America/New_York
37679,America/New_York
37680,America/New_York
37681,America/New_York
37682,America/New_York
37683,America/New_York
37684,America/New_York
37685,America/New_York
37686,America/New_York
37687,America/New_York
37688,America/New_York
37689,America/New_York
37690,America/New_York
37691,America/New_York
37692,America/New_York
37693,America/New_York
37694,America/New_York
37695,America/New_York
37696,America/New_York
37697,America/New_York
37698,America/New_York
37699,America/New_York
37700,America/New_York
37701,America/New_York
37702,America/New_York
37703,America/New_York
37704,America/New_York
37705,America/New_York
37706,America/New_York
37707,America/New_York
37708,America/New_York
37709,America/New_York
37710,America/New_York
37711,America/New_York
37712,America/New_York
37713,America/New_York
37714,America/New_York
37715,America/New_York
37716,America/New_York
37717,America/New_York
37718,America/New_York
37719,America/New_York
37720,America/New_York
37721,America/New_York
37722,America/New_York
37723,America/New_York
37724,America/New_York
37725,America/New_York
37726,America/New_York
37727,America/New_York
37728,America/New_York
37729,America/New_York
37730,America/New_York
37731,America/New_York
37732,America/New_York
37733,America/New_York
37734,America/New_York
37735,America/New_York
37736,America/New_York
37737,America/New_York
37738,America/New_York
37739,America/New_York
37740,America/New_York
37741,America/New_York
37742,America/New_York
37743,America/New_York
37744,America/New_York
37745,America/New_York
37746,America/New_York
37747,America/New_York
37748,America/New_York
37749,America/New_York
37750,America/New_York
37751,America/New_York
37752,America/New_York
37753,America/New_York
37754,America/New_York
37755,America/New_York
37756,America/New_York
37757,America/New_York
37758,America/New_York
37759,America/New_York
37760,America/New_York
37761,America/New_York
37762,America/New_York
37763,America/New_York
37764,America/New_York
37765,America/New_York
37766,America/New_York
37767,America/New_York
37768,America/New_York
37769,America/New_York
37770,America/New_York
37771,America/New_York
37772,America/New_York
37773,America/New_York
37774,America/New_York
37775,America/New_York
37776,America/New_York
37777,America/New_York
37778,America/New_York
37779,America/New_York
37780,America/New_York
37781,America/New_York
37782,America/New_York
37783,America/New_York
37784,America/New_York
37785,America/New_York
37786,America/New_York
37787,America/New_York
37788,America/New_York
37789,America/New_York
37790,America/New_York
37791,America/New_York
37792,America/New_York
37793,America/New_York
37794,America/New_York
37795,America/New_York
37796,America/New_York
37797,America/New_York
37798,America/New_York
37799,America/New_York
37800,America/New_York
37801,America/New_York
37802,America/New_York
37803,America/New_York
37804,America/New_York
37805,America/New_York
37806,America/New_York
37807,America/New_York
37808,America/New_York
37809,America/New_York
37810,America/New_York
37811,America/New_York
37812,America/New_York
37813,America/New_York
37814,America/New_York
37815,America/New_York
37816,America/New_York
37817,America/New_York
37818,America/New_York
37819,America/New_York
37820,America/New_York
37821,America/New_York
37822,America/New_York
37823,America/New_York
37824,America/New_York
37825,America/New_York
37826,America/New_York
37827,America/New_York
37828,America/New_York
37829,America/New_York
37830,America/New_York
37831,America/New_York
37832,America/New_York
37833,America/New_York
37834,America/New_York
37835,America/New_York
37836,America/New_York
37837,America/New_York
37838,America/New_York
37839,America/New_York
37840,America/New_York
37841,America/New_York
37842,America/New_York
37843,America/New_York
37844,America/New_York
37845,America/New_York
37846,America/New_York
37847,America/New_York
37848,America/New_York
37849,America/New_York
37850,America/New_York
37851,America/New_York
37852,America/New_York
37853,America/New_York
37854,America/New_York
37855,America/New_York
37856,America/New_York
37857,America/New_York
37858,America/New_York
37859,America/New_York
37860,America/New_York
37861,America/New_York
37862,America/New_York
37863,America/New_York
37864,America/New_York
37865,America/New_York
37866,America/New_York
37867,America/New_York
37868,America/New_York
37869,America/New_York
37870,America/New_York
37871,America/New_York
37872,America/New_York
37873,America/New_York
37874,America/New_York
37875,America/New_York
37876,America/New_York
37877,America/New_York
37878,America/New_York
37879,America/New_York
37880,America/New_York
37881,America/New_York
37882,America/New_York
37883,America/New_York
37884,America/New_York
37885,America/New_York
37886,America/New_York
37887,America/New_York
37888,America/New_York
37889,America/New_York
37890,America/New_York
37891,America/New_York
37892,America/New_York
37893,America/New_York
37894,America/New_York
37895,America/New_York
37896,America/New_York
37897,America/New_York
37898,America/New_York
37899,America/New_York
37900,America/New_York
37901,America/New_York
37902,America/New_York
37903,America/New_York
37904,America/New_York
37905,America/New_York
37906,America/New_York
37907,America/New_York
37908,America/New_York
37909,America/New_York
37910,America/New_York
37911,America/New_York
37912,America/New_York
37913,America/New_York
37914,America/New_York
37915,America/New_York
37916,America/New_York
37917,America/New_York
37918,America/New_York
37919,America/New_York
37920,America/New_York
37921,America/New_York
37922,America/New_York
37923,America/New_York
37924,America/New_York
37925,America/New_York
37926,America/New_York
37927,America/New_York
37928,America/New_York
37929,America/New_York
37930,America/New_York
37931,America/New_York
37932,America/New_York
37933,America/New_York
37934,America/New_York
37935,America/New_York
37936,America/New_York
37937,America/New_York
37938,America/New_York
37939,America/New_York
37940,America/New_York
37941,America/New_York
37942,America/New_York
37943,America/New_York
37944,America/New_York
37945,America/New_York
37946,America/New_York
37947,America/New_York
37948,America/New_York
37949,America/New_York
37950,America/New_York
37951,America/New_York
37952,America/New_York
37953,America/New_York
37954,America/New_York
37955,America/New_York
37956,America/New_York
37957,America/New_York
37958,America/New_York
37959,America/New_York
37960,America/New_York
37961,America/New_York
37962,America/New_York
37963,America/New_York
37964,America/New_York
37965,America/New_York
37966,America/New_York
37967,America/New_York
37968,America/New_York
37969,America/New_York
37970,America/New_York
37971,America/New_York
37972,America/New_York
37973,America/New_York
37974,America/New_York
37975,America/New_York
37976,America/New_York
37977,America/New_York
37978,America/New_York
37979,America/New_York
37980,America/New_York
37981,America/New_York
37982,America/New_York
37983,America/New_York
37984,America/New_York
37985,America/New_York
37986,America/New_York
37987,America/New_York
37988,America/New_York
37989,America/New_York
37990,America/New_York
37991,America/New_York
37992,America/New_York
37993,America/New_York
37994,America/New_York
37995,America/New_York
37996,America/New_York
37997,America/New_York
37998,America/New_York
37999,America/New_York
42000,America/Chicago
42001,America/Chicago
42002,America/Chicago
42003,America/Chicago
42004,America/Chicago
42005,America/Chicago
42006,America/Chicago
42007,America/Chicago
42008,America/Chicago
42009,America/Chicago
42010,America/Chicago
42011,America/Chicago
42012,America/Chicago
42013,America/Chicago
42014,America/Chicago
42015,America/Chicago
42016,America/Chicago
42017,America/Chicago
42018,America/Chicago
42019,America/Chicago
42020,America/Chicago
42021,America/Chicago
42022,America/Chicago
42023,America/Chicago
42024,America/Chicago
42025,America/Chicago
42026,America/Chicago
42027,America/Chicago
42028,America/Chicago
42029,America/Chicago
42030,America/Chicago
42031,America/Chicago
42032,America/Chicago
42033,America/Chicago
42034,America/Chicago
42035,America/Chicago
42036,America/Chicago
42037,America/Chicago
42038,America/Chicago
42039,America/Chicago
42040,America/Chicago
42041,America/Chicago
42042,America/Chicago
42043,America/Chicago
42044,America/Chicago
42045,America/Chicago
42046,America/Chicago
42047,America/Chicago
42048,America/Chicago
42049,America/Chicago
42050,America/Chicago
42051,America/Chicago
42052,America/Chicago
42053,America/Chicago
42054,America/Chicago
42055,America/Chicago
42056,America/Chicago
42057,America/Chicago
42058,America/Chicago
42059,America/Chicago
42060,America/Chicago
42061,America/Chicago
42062,America/Chicago
42063,America/Chicago
42064,America/Chicago
42065,America/Chicago
42066,America/Chicago
42067,America/Chicago
42068,America/Chicago
42069,America/Chicago
42070,America/Chicago
42071,America/Chicago
42072,America/Chicago
42073,America/Chicago
42074,America/Chicago
42075,America/Chicago
42076,America/Chicago
42077,America/Chicago
42078,America/Chicago
42079,America/Chicago
42080,America/Chicago
42081,America/Chicago
42082,America/Chicago
42083,America/Chicago
42084,America/Chicago
42085,America/Chicago
42086,America/Chicago
42087,America/Chicago
42088,America/Chicago
42089,America/Chicago
42090,America/Chicago
42091,America/Chicago
42092,America/Chicago
42093,America/Chicago
42094,America/Chicago
42095,America/Chicago
42096,America/Chicago
42097,America/Chicago
42098,America/Chicago
42099,America/Chicago
42100,America/Chicago
42101,America/Chicago
42102,America/Chicago
42103,America/Chicago
42104,America/Chicago
42105,America/Chicago
42106,America/Chicago
42107,America/Chicago
42108,America/Chicago
42109,America/Chicago
42110,America/Chicago
42111,America/Chicago
42112,America/Chicago
42113,America/Chicago
42114,America/Chicago
42115,America/Chicago
42116,America/Chicago
42117,America/Chicago
42118,America/Chicago
42119,America/Chicago
42120,America/Chicago
42121,America/Chicago
42122,America/Chicago
42123,America/Chicago
42124,America/Chicago
42125,America/Chicago
42126,America/Chicago
42127,America/Chicago
42128,America/Chicago
42129,America/Chicago
42130,America/Chicago
42131,America/Chicago
42132,America/Chicago
42133,America/Chicago
42134,America/Chicago
42135,America/Chicago
42136,America/Chicago
42137,America/Chicago
42138,America/Chicago
42139,America/Chicago
42140,America/Chicago
42141,America/Chicago
42142,America/Chicago
42143,America/Chicago
42144,America/Chicago
42145,America/Chicago
42146,America/Chicago
42147,America/Chicago
42148,America/Chicago
42149,America/Chicago
42150,America/Chicago
42151,America/Chicago
42152,America/Chicago
42153,America/Chicago
42154,America/Chicago
42155,America/Chicago
42156,America/Chicago
42157,America/Chicago
42158,America/Chicago
42159,America/Chicago
42160,America/Chicago
42161,America/Chicago
42162,America/Chicago
42163,America/Chicago
42164,America/Chicago
42165,America/Chicago
42166,America/Chicago
42167,America/Chicago
42168,America/Chicago
42169,America/Chicago
42170,America/Chicago
42171,America/Chicago
42172,America/Chicago
42173,America/Chicago
42174,America/Chicago
42175,America/Chicago
42176,America/Chicago
42177,America/Chicago
42178,America/Chicago
42179,America/Chicago
42180,America/Chicago
42181,America/Chicago
42182,America/Chicago
42183,America/Chicago
42184,America/Chicago
42185,America/Chicago
42186,America/Chicago
42187,America/Chicago
42188,America/Chicago
42189,America/Chicago
42190,America/Chicago
42191,America/Chicago
42192,America/Chicago
42193,America/Chicago
42194,America/Chicago
42195,America/Chicago
42196,America/Chicago
42197,America/Chicago
42198,America/Chicago
42199,America/Chicago
42200,America/Chicago
42201,America/Chicago
42202,America/Chicago
42203,America/Chicago
42204,America/Chicago
42205,America/Chicago
42206,America/Chicago
42207,America/Chicago
42208,America/Chicago
42209,America/Chicago
42210,America/Chicago
42211,America/Chicago
42212,America/Chicago
42213,America/Chicago
42214,America/Chicago
42215,America/Chicago
42216,America/Chicago
42217,America/Chicago
42218,America/Chicago
42219,America/Chicago
42220,America/Chicago
42221,America/Chicago
42222,America/Chicago
42223,America/Chicago
42224,America/Chicago
42225,America/Chicago
42226,America/Chicago
42227,America/Chicago
42228,America/Chicago
42229,America/Chicago
42230,America/Chicago
42231,America/Chicago
42232,America/Chicago
42233,America/Chicago
42234,America/Chicago
42235,America/Chicago
42236,America/Chicago
42237,America/Chicago
42238,America/Chicago
42239,America/Chicago
42240,America/Chicago
42241,America/Chicago
42242,America/Chicago
42243,America/Chicago
42244,America/Chicago
42245,America/Chicago
42246,America/Chicago
42247,America/Chicago
42248,America/Chicago
42249,America/Chicago
42250,America/Chicago
42251,America/Chicago
42252,America/Chicago
42253,America/Chicago
42254,America/Chicago
42255,America/Chicago
42256,America/Chicago
42257,America/Chicago
42258,America/Chicago
42259,America/Chicago
42260,America/Chicago
42261,America/Chicago
42262,America/Chicago
42263,America/Chicago
42264,America/Chicago
42265,America/Chicago
42266,America/Chicago
42267,America/Chicago
42268,America/Chicago
42269,America/Chicago
42270,America/Chicago
42271,America/Chicago
42272,America/Chicago
42273,America/Chicago
42274,America/Chicago
42275,America/Chicago
42276,America/Chicago
42277,America/Chicago
42278,America/Chicago
42279,America/Chicago
42280,America/Chicago
42281,America/Chicago
42282,America/Chicago
42283,America/Chicago
42284,America/Chicago
42285,America/Chicago
42286,America/Chicago
42287,America/Chicago
42288,America/Chicago
42289,America/Chicago
42290,America/Chicago
42291,America/Chicago
42292,America/Chicago
42293,America/Chicago
42294,America/Chicago
42295,America/Chicago
42296,America/Chicago
42297,America/Chicago
42298,America/Chicago
42299,America/Chicago
42300,America/Chicago
42301,America/Chicago
42302,America/Chicago
42303,America/Chicago
42304,America/Chicago
42305,America/Chicago
42306,America/Chicago
42307,America/Chicago
42308,America/Chicago
42309,America/Chicago
42310,America/Chicago
42311,America/Chicago
42312,America/Chicago
42313,America/Chicago
42314,America/Chicago
42315,America/Chicago
42316,America/Chicago
42317,America/Chicago
42318,America/Chicago
42319,America/Chicago
42320,America/Chicago
42321,America/Chicago
42322,America/Chicago
42323,America/Chicago
42324,America/Chicago
42325,America/Chicago
42326,America/Chicago
42327,America/Chicago
42328,America/Chicago
42329,America/Chicago
42330,America/Chicago
42331,America/Chicago
42332,America/Chicago
42333,America/Chicago
42334,America/Chicago
42335,America/Chicago
42336,America/Chicago
42337,America/Chicago
42338,America/Chicago
42339,America/Chicago
42340,America/Chicago
42341,America/Chicago
42342,America/Chicago
42343,America/Chicago
42344,America/Chicago
42345,America/Chicago
42346,America/Chicago
42347,America/Chicago
42348,America/Chicago
42349,America/Chicago
42350,America/Chicago
42351,America/Chicago
42352,America/Chicago
42353,America/Chicago
42354,America/Chicago
42355,America/Chicago
42356,America/Chicago
42357,America/Chicago
42358,America/Chicago
42359,America/Chicago
42360,America/Chicago
42361,America/Chicago
42362,America/Chicago
42363,America/Chicago
42364,America/Chicago
42365,America/Chicago
42366,America/Chicago
42367,America/Chicago
42368,America/Chicago
42369,America/Chicago
42370,America/Chicago
42371,America/Chicago
42372,America/Chicago
42373,America/Chicago
42374,America/Chicago
42375,America/Chicago
42376,America/Chicago
42377,America/Chicago
42378,America/Chicago
42379,America/Chicago
42380,America/Chicago
42381,America/Chicago
42382,America/Chicago
42383,America/Chicago
42384,America/Chicago
42385,America/Chicago
42386,America/Chicago
42387,America/Chicago
42388,America/Chicago
42389,America/Chicago
42390,America/Chicago
42391,America/Chicago
42392,America/Chicago
42393,America/Chicago
42394,America/Chicago
42395,America/Chicago
42396,America/Chicago
42397,America/Chicago
42398,America/Chicago
42399,America/Chicago
42400,America/Chicago
42401,America/Chicago
42402,America/Chicago
42403,America/Chicago
42404,America/Chicago
42405,America/Chicago
42406,America/Chicago
42407,America/Chicago
42408,America/Chicago
42409,America/Chicago
42410,America/Chicago
42411,America/Chicago
42412,America/Chicago
42413,America/Chicago
42414,America/Chicago
42415,America/Chicago
42416,America/Chicago
42417,America/Chicago
42418,America/Chicago
42419,America/Chicago
42420,America/Chicago
42421,America/Chicago
42422,America/Chicago
42423,America/Chicago
42424,America/Chicago
42425,America/Chicago
42426,America/Chicago
42427,America/Chicago
42428,America/Chicago
42429,America/Chicago
42430,America/Chicago
42431,America/Chicago
42432,America/Chicago
42433,America/Chicago
42434,America/Chicago
42435,America/Chicago
42436,America/Chicago
42437,America/Chicago
42438,America/Chicago
42439,America/Chicago
42440,America/Chicago
42441,America/Chicago
42442,America/Chicago
42443,America/Chicago
42444,America/Chicago
42445,America/Chicago
42446,America/Chicago
42447,America/Chicago
42448,America/Chicago
42449,America/Chicago
42450,America/Chicago
42451,America/Chicago
42452,America/Chicago
42453,America/Chicago
42454,America/Chicago
42455,America/Chicago
42456,America/Chicago
42457,America/Chicago
42458,America/Chicago
42459,America/Chicago
42460,America/Chicago
42461,America/Chicago
42462,America/Chicago
42463,America/Chicago
42464,America/Chicago
42465,America/Chicago
42466,America/Chicago
42467,America/Chicago
42468,America/Chicago
42469,America/Chicago
42470,America/Chicago
42471,America/Chicago
42472,America/Chicago
42473,America/Chicago
42474,America/Chicago
42475,America/Chicago
42476,America/Chicago
42477,America/Chicago
42478,America/Chicago
42479,America/Chicago
42480,America/Chicago
42481,America/Chicago
42482,America/Chicago
42483,America/Chicago
42484,America/Chicago
42485,America/Chicago
42486,America/Chicago
42487,America/Chicago
42488,America/Chicago
42489,America/Chicago
42490,America/Chicago
42491,America/Chicago
42492,America/Chicago
42493,America/Chicago
42494,America/Chicago
42495,America/Chicago
42496,America/Chicago
42497,America/Chicago
42498,America/Chicago
42499,America/Chicago
42500,America/Chicago
42501,America/Chicago
42502,America/Chicago
42503,America/Chicago
42504,America/Chicago
42505,America/Chicago
42506,America/Chicago
42507,America/Chicago
42508,America/Chicago
42509,America/Chicago
42510,America/Chicago
42511,America/Chicago
42512,America/Chicago
42513,America/Chicago
42514,America/Chicago
42515,America/Chicago
42516,America/Chicago
42517,America/Chicago
42518,America/Chicago
42519,America/Chicago
42520,America/Chicago
42521,America/Chicago
42522,America/Chicago
42523,America/Chicago
42524,America/Chicago
42525,America/Chicago
42526,America/Chicago
42527,America/Chicago
42528,America/Chicago
42529,America/Chicago
42530,America/Chicago
42531,America/Chicago
42532,America/Chicago
42533,America/Chicago
42534,America/Chicago
42535,America/Chicago
42536,America/Chicago
42537,America/Chicago
42538,America/Chicago
42539,America/Chicago
42540,America/Chicago
42541,America/Chicago
42542,America/Chicago
42543,America/Chicago
42544,America/Chicago
42545,America/Chicago
42546,America/Chicago
42547,America/Chicago
42548,America/Chicago
42549,America/Chicago
42550,America/Chicago
42551,America/Chicago
42552,America/Chicago
42553,America/Chicago
42554,America/Chicago
42555,America/Chicago
42556,America/Chicago
42557,America/Chicago
42558,America/Chicago
42559,America/Chicago
42560,America/Chicago
42561,America/Chicago
42562,America/Chicago
42563,America/Chicago
42564,America/Chicago
42565,America/Chicago
42566,America/Chicago
42567,America/Chicago
42568,America/Chicago
42569,America/Chicago
42570,America/Chicago
42571,America/Chicago
42572,America/Chicago
42573,America/Chicago
42574,America/Chicago
42575,America/Chicago
42576,America/Chicago
42577,America/Chicago
42578,America/Chicago
42579,America/Chicago
42580,America/Chicago
42581,America/Chicago
42582,America/Chicago
42583,America/Chicago
42584,America/Chicago
42585,America/Chicago
42586,America/Chicago
42587,America/Chicago
42588,America/Chicago
42589,America/Chicago
42590,America/Chicago
42591,America/Chicago
42592,America/Chicago
42593,America/Chicago
42594,America/Chicago
42595,America/Chicago
42596,America/Chicago
42597,America/Chicago
42598,America/Chicago
42599,America/Chicago
42600,America/Chicago
42601,America/Chicago
42602,America/Chicago
42603,America/Chicago
42604,America/Chicago
42605,America/Chicago
42606,America/Chicago
42607,America/Chicago
42608,America/Chicago
42609,America/Chicago
42610,America/Chicago
42611,America/Chicago
42612,America/Chicago
42613,America/Chicago
42614,America/Chicago
42615,America/Chicago
42616,America/Chicago
42617,America/Chicago
42618,America/Chicago
42619,America/Chicago
42620,America/Chicago
42621,America/Chicago
42622,America/Chicago
42623,America/Chicago
42624,America/Chicago
42625,America/Chicago
42626,America/Chicago
42627,America/Chicago
42628,America/Chicago
42629,America/Chicago
42630,America/Chicago
42631,America/Chicago
42632,America/Chicago
42633,America/Chicago
42634,America/Chicago
42635,America/Chicago
42636,America/Chicago
42637,America/Chicago
42638,America/Chicago
42639,America/Chicago
42640,America/Chicago
42641,America/Chicago
42642,America/Chicago
42643,America/Chicago
42644,America/Chicago
42645,America/Chicago
42646,America/Chicago
42647,America/Chicago
42648,America/Chicago
42649,America/Chicago
42650,America/Chicago
42651,America/Chicago
42652,America/Chicago
42653,America/Chicago
42654,America/Chicago
42655,America/Chicago
42656,America/Chicago
42657,America/Chicago
42658,America/Chicago
42659,America/Chicago
42660,America/Chicago
42661,America/Chicago
42662,America/Chicago
42663,America/Chicago
42664,America/Chicago
42665,America/Chicago
42666,America/Chicago
42667,America/Chicago
42668,America/Chicago
42669,America/Chicago
42670,America/Chicago
42671,America/Chicago
42672,America/Chicago
42673,America/Chicago
42674,America/Chicago
42675,America/Chicago
42676,America/Chicago
42677,America/Chicago
42678,America/Chicago
42679,America/Chicago
42680,America/Chicago
42681,America/Chicago
42682,America/Chicago
42683,America/Chicago
42684,America/Chicago
42685,America/Chicago
42686,America/Chicago
42687,America/Chicago
42688,America/Chicago
42689,America/Chicago
42690,America/Chicago
42691,America/Chicago
42692,America/Chicago
42693,America/Chicago
42694,America/Chicago
42695,America/Chicago
42696,America/Chicago
42697,America/Chicago
42698,America/Chicago
42699,America/Chicago
42700,America/Chicago
42701,America/Chicago
42702,America/Chicago
42703,America/Chicago
42704,America/Chicago
42705,America/Chicago
42706,America/Chicago
42707,America/Chicago
42708,America/Chicago
42709,America/Chicago
42710,America/Chicago
42711,America/Chicago
42712,America/Chicago
42713,America/Chicago
42714,America/Chicago
42715,America/Chicago
42716,America/Chicago
42717,America/Chicago
42718,America/Chicago
42719,America/Chicago
42720,America/Chicago
42721,America/Chicago
42722,America/Chicago
42723,America/Chicago
42724,America/Chicago
42725,America/Chicago
42726,America/Chicago
42727,America/Chicago
42728,America/Chicago
42729,America/Chicago
42730,America/Chicago
42731,America/Chicago
42732,America/Chicago
42733,America/Chicago
42734,America/Chicago
42735,America/Chicago
42736,America/Chicago
42737,America/Chicago
42738,America/Chicago
42739,America/Chicago
42740,America/Chicago
42741,America/Chicago
42742,America/Chicago
42743,America/Chicago
42744,America/Chicago
42745,America/Chicago
42746,America/Chicago
42747,America/Chicago
42748,America/Chicago
42749,America/Chicago
42750,America/Chicago
42751,America/Chicago
42752,America/Chicago
42753,America/Chicago
42754,America/Chicago
42755,America/Chicago
42756,America/Chicago
42757,America/Chicago
42758,America/Chicago
42759,America/Chicago
42760,America/Chicago
42761,America/Chicago
42762,America/Chicago
42763,America/Chicago
42764,America/Chicago
42765,America/Chicago
42766,America/Chicago
42767,America/Chicago
42768,America/Chicago
42769,America/Chicago
42770,America/Chicago
42771,America/Chicago
42772,America/Chicago
42773,America/Chicago
42774,America/Chicago
42775,America/Chicago
42776,America/Chicago
42777,America/Chicago
42778,America/Chicago
42779,America/Chicago
42780,America/Chicago
42781,America/Chicago
42782,America/Chicago
42783,America/Chicago
42784,America/Chicago
42785,America/Chicago
42786,America/Chicago
42787,America/Chicago
42788,America/Chicago
42789,America/Chicago
42790,America/Chicago
42791,America/Chicago
42792,America/Chicago
42793,America/Chicago
42794,America/Chicago
42795,America/Chicago
42796,America/Chicago
42797,America/Chicago
42798,America/Chicago
42799,America/Chicago
46301,America/Chicago
46302,America/Chicago
46303,America/Chicago
46304,America/Chicago
46305,America/Chicago
46306,America/Chicago
46307,America/Chicago
46308,America/Chicago
46309,America/Chicago
46310,America/Chicago
46311,America/Chicago
46312,America/Chicago
46313,America/Chicago
46314,America/Chicago
46315,America/Chicago
46316,America/Chicago
46317,America/Chicago
46318,America/Chicago
46319,America/Chicago
46320,America/Chicago
46321,America/Chicago
46322,America/Chicago
46323,America/Chicago
46324,America/Chicago
46325,America/Chicago
46326,America/Chicago
46327,America/Chicago
46328,America/Chicago
46329,America/Chicago
46330,America/Chicago
46331,America/Chicago
46332,America/Chicago
46333,America/Chicago
46334,America/Chicago
46335,America/Chicago
46336,America/Chicago
46337,America/Chicago
46338,America/Chicago
46339,America/Chicago
46340,America/Chicago
46341,America/Chicago
46342,America/Chicago
46343,America/Chicago
46344,America/Chicago
46345,America/Chicago
46346,America/Chicago
46347,America/Chicago
46348,America/Chicago
46349,America/Chicago
46350,America/Chicago
46351,America/Chicago
46352,America/Chicago
46353,America/Chicago
46354,America/Chicago
46355,America/Chicago
46356,America/Chicago
46357,America/Chicago
46358,America/Chicago
46359,America/Chicago
46360,America/Chicago
46361,America/Chicago
46362,America/Chicago
46363,America/Chicago
46364,America/Chicago
46365,America/Chicago
46366,America/Chicago
46367,America/Chicago
46368,America/Chicago
46369,America/Chicago
46370,America/Chicago
46371,America/Chicago
46372,America/Chicago
46373,America/Chicago
46374,America/Chicago
46375,America/Chicago
46376,America/Chicago
46377,America/Chicago
46378,America/Chicago
46379,America/Chicago
46380,America/Chicago
46381,America/Chicago
46382,America/Chicago
46383,America/Chicago
46384,America/Chicago
46385,America/Chicago
46386,America/Chicago
46387,America/Chicago
46388,America/Chicago
46389,America/Chicago
46390,America/Chicago
46391,America/Chicago
46392,America/Chicago
46393,America/Chicago
46394,America/Chicago
46395,America/Chicago
46396,America/Chicago
46397,America/Chicago
46398,America/Chicago
46399,America/Chicago
46401,America/Chicago
46402,America/Chicago
46403,America/Chicago
46404,America/Chicago
46405,America/Chicago
46406,America/Chicago
46407,America/Chicago
46408,America/Chicago
46409,America/Chicago
46410,America/Chicago
46411,America/Chicago
46412,America/Chicago
46413,America/Chicago
46414,America/Chicago
46415,America/Chicago
46416,America/Chicago
46417,America/Chicago
46418,America/Chicago
46419,America/Chicago
46420,America/Chicago
46421,America/Chicago
46422,America/Chicago
46423,America/Chicago
46424,America/Chicago
46425,America/Chicago
46426,America/Chicago
46427,America/Chicago
46428,America/Chicago
46429,America/Chicago
46430,America/Chicago
46431,America/Chicago
46432,America/Chicago
46433,America/Chicago
46434,America/Chicago
46435,America/Chicago
46436,America/Chicago
46437,America/Chicago
46438,America/Chicago
46439,America/Chicago
46440,America/Chicago
46441,America/Chicago
46442,America/Chicago
46443,America/Chicago
46444,America/Chicago
46445,America/Chicago
46446,America/Chicago
46447,America/Chicago
46448,America/Chicago
46449,America/Chicago
46450,America/Chicago
46451,America/Chicago
46452,America/Chicago
46453,America/Chicago
46454,America/Chicago
46455,America/Chicago
46456,America/Chicago
46457,America/Chicago
46458,America/Chicago
46459,America/Chicago
46460,America/Chicago
46461,America/Chicago
46462,America/Chicago
46463,America/Chicago
46464,America/Chicago
46465,America/Chicago
46466,America/Chicago
46467,America/Chicago
46468,America/Chicago
46469,America/Chicago
46470,America/Chicago
46471,America/Chicago
46472,America/Chicago
46473,America/Chicago
46474,America/Chicago
46475,America/Chicago
46476,America/Chicago
46477,America/Chicago
46478,America/Chicago
46479,America/Chicago
46480,America/Chicago
46481,America/Chicago
46482,America/Chicago
46483,America/Chicago
46484,America/Chicago
46485,America/Chicago
46486,America/Chicago
46487,America/Chicago
46488,America/Chicago
46489,America/Chicago
46490,America/Chicago
46491,America/Chicago
46492,America/Chicago
46493,America/Chicago
46494,America/Chicago
46495,America/Chicago
46496,America/Chicago
46497,America/Chicago
46498,America/Chicago
46499,America/Chicago
47520,America/Chicago
47558,America/Chicago
47588,America/Chicago
47596,America/Chicago
47610,America/Chicago
47611,America/Chicago
47612,America/Chicago
47613,America/Chicago
47615,America/Chicago
47616,America/Chicago
47619,America/Chicago
47620,America/Chicago
47630,America/Chicago
47631,America/Chicago
47633,America/Chicago
47634,America/Chicago
47635,America/Chicago
47637,America/Chicago
47638,America/Chicago
47639,America/Chicago
47640,America/Chicago
47647,America/Chicago
47649,America/Chicago
47660,America/Chicago
47666,America/Chicago
47670,America/Chicago
47708,America/Chicago
47710,America/Chicago
47711,America/Chicago
47712,America/Chicago
47713,America/Chicago
47714,America/Chicago
47715,America/Chicago
47716,America/Chicago
47719,America/Chicago
47720,America/Chicago
47721,America/Chicago
47722,America/Chicago
47724,America/Chicago
47725,America/Chicago
47728,America/Chicago
47730,America/Chicago
47731,America/Chicago
47732,America/Chicago
47733,America/Chicago
47734,America/Chicago
47735,America/Chicago
47736,America/Chicago
47737,America/Chicago
47740,America/Chicago
47744,America/Chicago
47747,America/Chicago
47750,America/Chicago
49801,America/Menominee
49802,America/Menominee
49805,America/Menominee
49807,America/Menominee
49815,America/Menominee
49820,America/Menominee
49821,America/Menominee
49826,America/Menominee
49829,America/Menominee
49831,America/Menominee
49834,America/Menominee
49835,America/Menominee
49836,America/Menominee
49840,America/Menominee
49841,America/Menominee
49847,America/Menominee
49848,America/Menominee
49849,America/Menominee
49858,America/Menominee
49861,America/Menominee
49862,America/Menominee
49863,America/Menominee
49864,America/Menominee
49866,America/Menominee
49870,America/Menominee
49871,America/Menominee
49873,America/Menominee
49874,America/Menominee
49876,America/Menominee
49877,America/Menominee
49878,America/Menominee
49879,America/Menominee
49880,America/Menominee
49881,America/Menominee
49887,America/Menominee
49891,America/Menominee
49892,America/Menominee
49893,America/Menominee
49894,America/Menominee
49895,America/Menominee
49896,America/Menominee
49901,America/Menominee
49902,America/Menominee
49903,America/Menominee
49905,America/Menominee
49908,America/Menominee
49910,America/Menominee
49911,America/Menominee
49913,America/Menominee
49915,America/Menominee
49916,America/Menominee
49917,America/Menominee
49918,America/Menominee
49919,America/Menominee
49920,America/Menominee
49921,America/Menominee
49922,America/Menominee
49925,America/Menominee
49927,America/Menominee
49929,America/Menominee
49930,America/Menominee
49931,America/Menominee
49934,America/Menominee
49935,America/Menominee
49938,America/Menominee
49942,America/Menominee
49945,America/Menominee
49946,America/Menominee
49947,America/Menominee
49948,America/Menominee
49950,America/Menominee
49952,America/Menominee
49953,America/Menominee
49955,America/Menominee
49958,America/Menominee
49959,America/Menominee
49960,America/Menominee
49961,America/Menominee
49962,America/Menominee
49963,America/Menominee
49965,America/Menominee
49967,America/Menominee
49968,America/Menominee
49969,America/Menominee
49970,America/Menominee
49971,America/Menominee
57701,America/Denver
57702,America/Denver
57703,America/Denver
57704,America/Denver
57705,America/Denver
57706,America/Denver
57707,America/Denver
57708,America/Denver
57709,America/Denver
57710,America/Denver
57711,America/Denver
57712,America/Denver
57713,America/Denver
57714,America/Denver
57715,America/Denver
57716,America/Denver
57717,America/Denver
57718,America/Denver
57719,America/Denver
57720,America/Denver
57721,America/Denver
57722,America/Denver
57723,America/Denver
57724,America/Denver
57725,America/Denver
57726,America/Denver
57727,America/Denver
57728,America/Denver
57729,America/Denver
57730,America/Denver
57731,America/Denver
57732,America/Denver
57733,America/Denver
57734,America/Denver
57735,America/Denver
57736,America/Denver
57737,America/Denver
57738,America/Denver
57739,America/Denver
57740,America/Denver
57741,America/Denver
57742,America/Denver
57743,America/Denver
57744,America/Denver
57745,America/Denver
57746,America/Denver
57747,America/Denver
57748,America/Denver
57749,America/Denver
57750,America/Denver
57751,America/Denver
57752,America/Denver
57753,America/Denver
57754,America/Denver
57755,America/Denver
57756,America/Denver
57757,America/Denver
57758,America/Denver
57759,America/Denver
57760,America/Denver
57761,America/Denver
57762,America/Denver
57763,America/Denver
57764,America/Denver
57765,America/Denver
57766,America/Denver
57767,America/Denver
57768,America/Denver
57769,America/Denver
57770,America/Denver
57771,America/Denver
57772,America/Denver
57773,America/Denver
57774,America/Denver
57775,America/Denver
57776,America/Denver
57777,America/Denver
57778,America/Denver
57779,America/Denver
57780,America/Denver
57781,America/Denver
57782,America/Denver
57783,America/Denver
57784,America/Denver
57785,America/Denver
57786,America/Denver
57787,America/Denver
57788,America/Denver
57789,America/Denver
57790,America/Denver
57791,America/Denver
57792,America/Denver
57793,America/Denver
57794,America/Denver
57795,America/Denver
57796,America/Denver
57797,America/Denver
57798,America/Denver
57799,America/Denver
58601,America/Denver
58602,America/Denver
58603,America/Denver
58604,America/Denver
58605,America/Denver
58606,America/Denver
58607,America/Denver
58608,America/Denver
58609,America/Denver
58610,America/Denver
58611,America/Denver
58612,America/Denver
58613,America/Denver
58614,America/Denver
58615,America/Denver
58616,America/Denver
58617,America/Denver
58618,America/Denver
58619,America/Denver
58620,America/Denver
58621,America/Denver
58622,America/Denver
58623,America/Denver
58624,America/Denver
58625,America/Denver
58626,America/Denver
58627,America/Denver
58628,America/Denver
58629,America/Denver
58630,America/Denver
58631,America/Denver
58632,America/Denver
58633,America/Denver
58634,America/Denver
58635,America/Denver
58636,America/Denver
58637,America/Denver
58638,America/Denver
58639,America/Denver
58640,America/Denver
58641,America/Denver
58642,America/Denver
58643,America/Denver
58644,America/Denver
58645,America/Denver
58646,America/Denver
58647,America/Denver
58648,America/Denver
58649,America/Denver
58650,America/Denver
58651,America/Denver
58652,America/Denver
58653,America/Denver
58654,America/Denver
67735,America/Denver
67738,America/Denver
67744,America/Denver
67747,America/Denver
67748,America/Denver
67751,America/Denver
67752,America/Denver
67764,America/Denver
67846,America/Denver
67850,America/Denver
67855,America/Denver
67860,America/Denver
67864,America/Denver
67879,America/Denver
67882,America/Denver
69101,America/Denver
69102,America/Denver
69103,America/Denver
69104,America/Denver
69105,America/Denver
69106,America/Denver
69107,America/Denver
69108,America/Denver
69109,America/Denver
69110,America/Denver
69111,America/Denver
69112,America/Denver
69113,America/Denver
69114,America/Denver
69115,America/Denver
69116,America/Denver
69117,America/Denver
69118,America/Denver
69119,America/Denver
69120,America/Denver
69121,America/Denver
69122,America/Denver
69123,America/Denver
69124,America/Denver
69125,America/Denver
69126,America/Denver
69127,America/Denver
69128,America/Denver
69129,America/Denver
69130,America/Denver
69131,America/Denver
69132,America/Denver
69133,America/Denver
69134,America/Denver
69135,America/Denver
69136,America/Denver
69137,America/Denver
69138,America/Denver
69139,America/Denver
69140,America/Denver
69141,America/Denver
69142,America/Denver
69143,America/Denver
69144,America/Denver
69145,America/Denver
69146,America/Denver
69147,America/Denver
69148,America/Denver
69149,America/Denver
69150,America/Denver
69151,America/Denver
69152,America/Denver
69153,America/Denver
69154,America/Denver
69155,America/Denver
69156,America/Denver
69157,America/Denver
69158,America/Denver
69159,America/Denver
69160,America/Denver
69161,America/Denver
69162,America/Denver
69163,America/Denver
69164,America/Denver
69165,America/Denver
69166,America/Denver
69167,America/Denver
69168,America/Denver
69169,America/Denver
69170,America/Denver
69171,America/Denver
69172,America/Denver
69173,America/Denver
69174,America/Denver
69175,America/Denver
69176,America/Denver
69177,America/Denver
69178,America/Denver
69179,America/Denver
69180,America/Denver
69181,America/Denver
69182,America/Denver
69183,America/Denver
69184,America/Denver
69185,America/Denver
69186,America/Denver
69187,America/Denver
69188,America/Denver
69189,America/Denver
69190,America/Denver
69191,America/Denver
69192,America/Denver
69193,America/Denver
69194,America/Denver
69195,America/Denver
69196,America/Denver
69197,America/Denver
69198,America/Denver
69199,America/Denver
69200,America/Denver
69201,America/Denver
69202,America/Denver
69203,America/Denver
69204,America/Denver
69205,America/Denver
69206,America/Denver
69207,America/Denver
69208,America/Denver
69209,America/Denver
69210,America/Denver
69211,America/Denver
69212,America/Denver
69213,America/Denver
69214,America/Denver
69215,America/Denver
69216,America/Denver
69217,America/Denver
69218,America/Denver
69219,America/Denver
69220,America/Denver
69221,America/Denver
69222,America/Denver
69223,America/Denver
69224,America/Denver
69225,America/Denver
69226,America/Denver
69227,America/Denver
69228,America/Denver
69229,America/Denver
69230,America/Denver
69231,America/Denver
69232,America/Denver
69233,America/Denver
69234,America/Denver
69235,America/Denver
69236,America/Denver
69237,America/Denver
69238,America/Denver
69239,America/Denver
69240,America/Denver
69241,America/Denver
69242,America/Denver
69243,America/Denver
69244,America/Denver
69245,America/Denver
69246,America/Denver
69247,America/Denver
69248,America/Denver
69249,America/Denver
69250,America/Denver
69251,America/Denver
69252,America/Denver
69253,America/Denver
69254,America/Denver
69255,America/Denver
69256,America/Denver
69257,America/Denver
69258,America/Denver
69259,America/Denver
69260,America/Denver
69261,America/Denver
69262,America/Denver
69263,America/Denver
69264,America/Denver
69265,America/Denver
69266,America/Denver
69267,America/Denver
69268,America/Denver
69269,America/Denver
69270,America/Denver
69271,America/Denver
69272,America/Denver
69273,America/Denver
69274,America/Denver
69275,America/Denver
69276,America/Denver
69277,America/Denver
69278,America/Denver
69279,America/Denver
69280,America/Denver
69281,America/Denver
69282,America/Denver
69283,America/Denver
69284,America/Denver
69285,America/Denver
69286,America/Denver
69287,America/Denver
69288,America/Denver
69289,America/Denver
69290,America/Denver
69291,America/Denver
69292,America/Denver
69293,America/Denver
69294,America/Denver
69295,America/Denver
69296,America/Denver
69297,America/Denver
69298,America/Denver
69299,America/Denver
69300,America/Denver
69301,America/Denver
69302,America/Denver
69303,America/Denver
69304,America/Denver
69305,America/Denver
69306,America/Denver
69307,America/Denver
69308,America/Denver
69309,America/Denver
69310,America/Denver
69311,America/Denver
69312,America/Denver
69313,America/Denver
69314,America/Denver
69315,America/Denver
69316,America/Denver
69317,America/Denver
69318,America/Denver
69319,America/Denver
69320,America/Denver
69321,America/Denver
69322,America/Denver
69323,America/Denver
69324,America/Denver
69325,America/Denver
69326,America/Denver
69327,America/Denver
69328,America/Denver
69329,America/Denver
69330,America/Denver
69331,America/Denver
69332,America/Denver
69333,America/Denver
69334,America/Denver
69335,America/Denver
69336,America/Denver
69337,America/Denver
69338,America/Denver
69339,America/Denver
69340,America/Denver
69341,America/Denver
69342,America/Denver
69343,America/Denver
69344,America/Denver
69345,America/Denver
69346,America/Denver
69347,America/Denver
69348,America/Denver
69349,America/Denver
69350,America/Denver
69351,America/Denver
69352,America/Denver
69353,America/Denver
69354,America/Denver
69355,America/Denver
69356,America/Denver
69357,America/Denver
69358,America/Denver
69359,America/Denver
69360,America/Denver
69361,America/Denver
69362,America/Denver
69363,America/Denver
69364,America/Denver
69365,America/Denver
69366,America/Denver
69367,America/Denver
79821,America/Denver
79822,America/Denver
79823,America/Denver
79824,America/Denver
79825,America/Denver
79826,America/Denver
79827,America/Denver
79828,America/Denver
79829,America/Denver
79830,America/Denver
79831,America/Denver
79832,America/Denver
79833,America/Denver
79834,America/Denver
79835,America/Denver
79836,America/Denver
79837,America/Denver
79838,America/Denver
79839,America/Denver
79840,America/Denver
79841,America/Denver
79842,America/Denver
79843,America/Denver
79844,America/Denver
79845,America/Denver
79846,America/Denver
79847,America/Denver
79848,America/Denver
79849,America/Denver
79850,America/Denver
79851,America/Denver
79852,America/Denver
79853,America/Denver
79854,America/Denver
79855,America/Denver
79856,America/Denver
79857,America/Denver
79858,America/Denver
79859,America/Denver
79860,America/Denver
79861,America/Denver
79862,America/Denver
79863,America/Denver
79864,America/Denver
79865,America/Denver
79866,America/Denver
79867,America/Denver
79868,America/Denver
79869,America/Denver
79870,America/Denver
79871,America/Denver
79872,America/Denver
79873,America/Denver
79874,America/Denver
79875,America/Denver
79876,America/Denver
79877,America/Denver
79878,America/Denver
79879,America/Denver
79880,America/Denver
79881,America/Denver
79882,America/Denver
79883,America/Denver
79884,America/Denver
79885,America/Denver
79886,America/Denver
79887,America/Denver
79888,America/Denver
79889,America/Denver
79890,America/Denver
79891,America/Denver
79892,America/Denver
79893,America/Denver
79894,America/Denver
79895,America/Denver
79896,America/Denver
79897,America/Denver
79898,America/Denver
79899,America/Denver
79900,America/Denver
79901,America/Denver
79902,America/Denver
79903,America/Denver
79904,America/Denver
79905,America/Denver
79906,America/Denver
79907,America/Denver
79908,America/Denver
79909,America/Denver
79910,America/Denver
79911,America/Denver
79912,America/Denver
79913,America/Denver
79914,America/Denver
79915,America/Denver
79916,America/Denver
79917,America/Denver
79918,America/Denver
79919,America/Denver
79920,America/Denver
79921,America/Denver
79922,America/Denver
79923,America/Denver
79924,America/Denver
79925,America/Denver
79926,America/Denver
79927,America/Denver
79928,America/Denver
79929,America/Denver
79930,America/Denver
79931,America/Denver
79932,America/Denver
79933,America/Denver
79934,America/Denver
79935,America/Denver
79936,America/Denver
79937,America/Denver
79938,America/Denver
83801,America/Los_Angeles
83802,America/Los_Angeles
83803,America/Los_Angeles
83804,America/Los_Angeles
83805,America/Los_Angeles
83806,America/Los_Angeles
83807,America/Los_Angeles
83808,America/Los_Angeles
83809,America/Los_Angeles
83810,America/Los_Angeles
83811,America/Los_Angeles
83812,America/Los_Angeles
83813,America/Los_Angeles
83814,America/Los_Angeles
83815,America/Los_Angeles
83816,America/Los_Angeles
83817,America/Los_Angeles
83818,America/Los_Angeles
83819,America/Los_Angeles
83820,America/Los_Angeles
83821,America/Los_Angeles
83822,America/Los_Angeles
83823,America/Los_Angeles
83824,America/Los_Angeles
83825,America/Los_Angeles
83826,America/Los_Angeles
83827,America/Los_Angeles
83828,America/Los_Angeles
83829,America/Los_Angeles
83830,America/Los_Angeles
83831,America/Los_Angeles
83832,America/Los_Angeles
83833,America/Los_Angeles
83834,America/Los_Angeles
83835,America/Los_Angeles
83836,America/Los_Angeles
83837,America/Los_Angeles
83838,America/Los_Angeles
83839,America/Los_Angeles
83840,America/Los_Angeles
83841,America/Los_Angeles
83842,America/Los_Angeles
83843,America/Los_Angeles
83844,America/Los_Angeles
83845,America/Los_Angeles
83846,America/Los_Angeles
83847,America/Los_Angeles
83848,America/Los_Angeles
83849,America/Los_Angeles
83850,America/Los_Angeles
83851,America/Los_Angeles
83852,America/Los_Angeles
83853,America/Los_Angeles
83854,America/Los_Angeles
83855,America/Los_Angeles
83856,America/Los_Angeles
83857,America/Los_Angeles
83858,America/Los_Angeles
83859,America/Los_Angeles
83860,America/Los_Angeles
83861,America/Los_Angeles
83862,America/Los_Angeles
83863,America/Los_Angeles
83864,America/Los_Angeles
83865,America/Los_Angeles
83866,America/Los_Angeles
83867,America/Los_Angeles
83868,America/Los_Angeles
83869,America/Los_Angeles
83870,America/Los_Angeles
83871,America/Los_Angeles
83872,America/Los_Angeles
83873,America/Los_Angeles
83874,America/Los_Angeles
83875,America/Los_Angeles
83876,America/Los_Angeles
83877,America/Los_Angeles
86044,America/Denver
86503,America/Denver
86504,America/Denver
86505,America/Denver
86506,America/Denver
86507,America/Denver
86508,America/Denver
86510,America/Denver
86511,America/Denver
86512,America/Denver
86514,America/Denver
86515,America/Denver
86520,America/Denver
86535,America/Denver
86538,America/Denver
86540,America/Denver
86544,America/Denver
86545,America/Denver
86547,America/Denver
86556,America/Denver
88510,America/Denver
88511,America/Denver
88512,America/Denver
88513,America/Denver
88514,America/Denver
88515,America/Denver
88516,America/Denver
88517,America/Denver
88518,America/Denver
88519,America/Denver
88520,America/Denver
88521,America/Denver
88522,America/Denver
88523,America/Denver
88524,America/Denver
88525,America/Denver
88526,America/Denver
88527,America/Denver
88528,America/Denver
88529,America/Denver
88530,America/Denver
88531,America/Denver
88532,America/Denver
88533,America/Denver
88534,America/Denver
88535,America/Denver
88536,America/Denver
88537,America/Denver
88538,America/Denver
88539,America/Denver
88540,America/Denver
88541,America/Denver
88542,America/Denver
88543,America/Denver
88544,America/Denver
88545,America/Denver
88546,America/Denver
88547,America/Denver
88548,America/Denver
88549,America/Denver
88550,America/Denver
88551,America/Denver
88552,America/Denver
88553,America/Denver
88554,America/Denver
88555,America/Denver
88556,America/Denver
88557,America/Denver
88558,America/Denver
88559,America/Denver
88560,America/Denver
88561,America/Denver
88562,America/Denver
88563,America/Denver
88564,America/Denver
88565,America/Denver
88566,America/Denver
88567,America/Denver
88568,America/Denver
88569,America/Denver
88570,America/Denver
88571,America/Denver
88572,America/Denver
88573,America/Denver
88574,America/Denver
88575,America/Denver
88576,America/Denver
88577,America/Denver
88578,America/Denver
88579,America/Denver
88580,America/Denver
88581,America/Denver
88582,America/Denver
88583,America/Denver
88584,America/Denver
88585,America/Denver
88586,America/Denver
88587,America/Denver
88588,America/Denver
88589,America/Denver
89883,America/Denver
97901,America/Boise
97902,America/Boise
97903,America/Boise
97904,America/Boise
97905,America/Boise
97906,America/Boise
97907,America/Boise
97908,America/Boise
97909,America/Boise
97910,America/Boise
97911,America/Boise
97912,America/Boise
97913,America/Boise
97914,America/Boise
97915,America/Boise
97916,America/Boise
97917,America/Boise
97918,America/Boise
97919,America/Boise
97920,America/Boise
99546,America/Adak
99547,America/Adak
99548,America/Adak
99549,America/Adak
99550,America/Adak
99551,America/Adak
99552,America/Adak
99553,America/Adak
99554,America/Adak
99555,America/Adak
99556,America/Adak
99557,America/Adak
99558,America/Adak
99559,America/Adak
99560,America/Adak
99561,America/Adak
99562,America/Adak
99563,America/Adak
99564,America/Adak
99565,America/Adak
99566,America/Adak
99567,America/Adak
99568,America/Adak
99569,America/Adak
99570,America/Adak
99571,America/Adak
99572,America/Adak
99573,America/Adak
99574,America/Adak
99575,America/Adak
99576,America/Adak
99577,America/Adak
99578,America/Adak
99579,America/Adak
99580,America/Adak
99581,America/Adak
99582,America/Adak
99583,America/Adak
99584,America/Adak
99585,America/Adak
99586,America/Adak
99587,America/Adak
99588,America/Adak
99589,America/Adak
99590,America/Adak
99591,America/Adak
